card_id,account_id,customer_id,card_number_masked,card_type,network,issue_date,expiry_date,credit_limit,available_limit,card_status
CARD000001,ACC000001,CUST000013,XXXX-XXXX-XXXX-2824,Debit,Visa,2020-08-14,2025-08-14,0,0.0,Active
CARD000002,ACC000001,CUST000013,XXXX-XXXX-XXXX-9935,Credit,Visa,2020-10-15,2025-10-15,100000,84375.25,Active
CARD000003,ACC000002,CUST000217,XXXX-XXXX-XXXX-1488,Debit,Visa,2021-08-11,2026-08-11,0,0.0,Active
CARD000004,ACC000003,CUST000360,XXXX-XXXX-XXXX-1434,Debit,RuPay,2022-03-01,2027-03-01,0,0.0,Active
CARD000005,ACC000003,CUST000360,XXXX-XXXX-XXXX-5557,Credit,Visa,2023-01-10,2028-01-10,500000,422845.78,Active
CARD000006,ACC000004,CUST000143,XXXX-XXXX-XXXX-7924,Debit,Mastercard,2022-10-15,2027-10-15,0,0.0,Active
CARD000007,ACC000004,CUST000143,XXXX-XXXX-XXXX-2674,Credit,Visa,2023-04-30,2028-04-30,100000,32995.08,Active
CARD000008,ACC000005,CUST000310,XXXX-XXXX-XXXX-6635,Debit,RuPay,2024-03-07,2029-03-07,0,0.0,Active
CARD000009,ACC000006,CUST000151,XXXX-XXXX-XXXX-8527,Debit,RuPay,2023-01-22,2028-01-22,0,0.0,Active
CARD000010,ACC000006,CUST000151,XXXX-XXXX-XXXX-6925,Credit,RuPay,2023-07-20,2028-07-20,500000,472419.93,Active
CARD000011,ACC000007,CUST000396,XXXX-XXXX-XXXX-1750,Debit,RuPay,2021-08-13,2026-08-13,0,0.0,Active
CARD000012,ACC000007,CUST000396,XXXX-XXXX-XXXX-2654,Credit,Mastercard,2022-01-07,2027-01-07,200000,62068.99,Active
CARD000013,ACC000008,CUST000084,XXXX-XXXX-XXXX-6977,Debit,Visa,2022-01-18,2027-01-18,0,0.0,Active
CARD000014,ACC000008,CUST000084,XXXX-XXXX-XXXX-2169,Credit,RuPay,2022-12-25,2027-12-25,100000,53087.74,Active
CARD000015,ACC000009,CUST000084,XXXX-XXXX-XXXX-5010,Debit,Visa,2021-07-05,2026-07-05,0,0.0,Active
CARD000016,ACC000009,CUST000084,XXXX-XXXX-XXXX-4598,Credit,RuPay,2022-06-10,2027-06-10,200000,61466.73,Active
CARD000017,ACC000010,CUST000017,XXXX-XXXX-XXXX-1916,Debit,Visa,2019-10-23,2024-10-23,0,0.0,Active
CARD000018,ACC000010,CUST000017,XXXX-XXXX-XXXX-4456,Credit,RuPay,2019-12-01,2024-12-01,200000,143836.93,Active
CARD000019,ACC000011,CUST000109,XXXX-XXXX-XXXX-4483,Debit,RuPay,2024-03-04,2029-03-04,0,0.0,Active
CARD000020,ACC000011,CUST000109,XXXX-XXXX-XXXX-5040,Credit,RuPay,2024-06-03,2029-06-03,500000,449994.94,Active
CARD000021,ACC000012,CUST000135,XXXX-XXXX-XXXX-8019,Debit,RuPay,2023-07-02,2028-07-02,0,0.0,Active
CARD000022,ACC000013,CUST000047,XXXX-XXXX-XXXX-3266,Debit,RuPay,2020-09-25,2025-09-25,0,0.0,Active
CARD000023,ACC000013,CUST000047,XXXX-XXXX-XXXX-3621,Credit,RuPay,2021-01-04,2026-01-04,50000,19861.4,Active
CARD000024,ACC000014,CUST000196,XXXX-XXXX-XXXX-7304,Debit,Mastercard,2021-10-28,2026-10-28,0,0.0,Active
CARD000025,ACC000014,CUST000196,XXXX-XXXX-XXXX-1188,Credit,RuPay,2022-09-04,2027-09-04,500000,314809.98,Active
CARD000026,ACC000015,CUST000350,XXXX-XXXX-XXXX-9797,Debit,Mastercard,2022-11-15,2027-11-15,0,0.0,Active
CARD000027,ACC000015,CUST000350,XXXX-XXXX-XXXX-3591,Credit,Mastercard,2023-07-04,2028-07-04,200000,184382.7,Active
CARD000028,ACC000016,CUST000370,XXXX-XXXX-XXXX-5315,Debit,RuPay,2024-09-04,2029-09-04,0,0.0,Active
CARD000029,ACC000016,CUST000370,XXXX-XXXX-XXXX-9317,Credit,RuPay,2025-02-10,2030-02-10,50000,19531.85,Active
CARD000030,ACC000017,CUST000431,XXXX-XXXX-XXXX-3646,Debit,RuPay,2020-09-29,2025-09-29,0,0.0,Blocked
CARD000031,ACC000017,CUST000431,XXXX-XXXX-XXXX-1319,Credit,Visa,2021-06-25,2026-06-25,50000,29036.94,Active
CARD000032,ACC000018,CUST000272,XXXX-XXXX-XXXX-6038,Debit,Visa,2024-07-22,2029-07-22,0,0.0,Active
CARD000033,ACC000018,CUST000272,XXXX-XXXX-XXXX-2133,Credit,RuPay,2025-03-29,2030-03-29,50000,47002.13,Active
CARD000034,ACC000019,CUST000414,XXXX-XXXX-XXXX-8787,Debit,RuPay,2019-11-23,2024-11-23,0,0.0,Active
CARD000035,ACC000019,CUST000414,XXXX-XXXX-XXXX-4295,Credit,RuPay,2020-09-20,2025-09-20,500000,162472.98,Active
CARD000036,ACC000020,CUST000273,XXXX-XXXX-XXXX-7118,Debit,Mastercard,2024-05-21,2029-05-21,0,0.0,Active
CARD000037,ACC000020,CUST000273,XXXX-XXXX-XXXX-2049,Credit,Mastercard,2024-09-22,2029-09-22,500000,457648.53,Active
CARD000038,ACC000021,CUST000494,XXXX-XXXX-XXXX-4770,Debit,RuPay,2021-04-20,2026-04-20,0,0.0,Active
CARD000039,ACC000021,CUST000494,XXXX-XXXX-XXXX-4750,Credit,Visa,2021-06-02,2026-06-02,50000,25225.57,Active
CARD000040,ACC000022,CUST000461,XXXX-XXXX-XXXX-6413,Debit,Visa,2021-08-05,2026-08-05,0,0.0,Active
CARD000041,ACC000022,CUST000461,XXXX-XXXX-XXXX-9834,Credit,Visa,2021-11-25,2026-11-25,200000,106343.11,Active
CARD000042,ACC000023,CUST000113,XXXX-XXXX-XXXX-8744,Debit,Visa,2019-09-27,2024-09-27,0,0.0,Active
CARD000043,ACC000023,CUST000113,XXXX-XXXX-XXXX-8062,Credit,Mastercard,2019-11-17,2024-11-17,500000,433356.53,Active
CARD000044,ACC000024,CUST000264,XXXX-XXXX-XXXX-1887,Debit,RuPay,2021-06-10,2026-06-10,0,0.0,Active
CARD000045,ACC000025,CUST000243,XXXX-XXXX-XXXX-2612,Debit,Visa,2023-08-15,2028-08-15,0,0.0,Active
CARD000046,ACC000025,CUST000243,XXXX-XXXX-XXXX-5073,Credit,Visa,2023-10-19,2028-10-19,200000,87917.05,Active
CARD000047,ACC000026,CUST000211,XXXX-XXXX-XXXX-3296,Debit,Mastercard,2020-02-22,2025-02-22,0,0.0,Active
CARD000048,ACC000026,CUST000211,XXXX-XXXX-XXXX-8260,Credit,RuPay,2020-04-16,2025-04-16,500000,412567.74,Active
CARD000049,ACC000027,CUST000128,XXXX-XXXX-XXXX-9856,Debit,Visa,2020-08-17,2025-08-17,0,0.0,Blocked
CARD000050,ACC000027,CUST000128,XXXX-XXXX-XXXX-8886,Credit,Visa,2021-05-02,2026-05-02,100000,88358.22,Active
CARD000051,ACC000028,CUST000039,XXXX-XXXX-XXXX-1960,Debit,Visa,2020-03-05,2025-03-05,0,0.0,Active
CARD000052,ACC000028,CUST000039,XXXX-XXXX-XXXX-5673,Credit,Mastercard,2020-10-25,2025-10-25,500000,407178.93,Active
CARD000053,ACC000029,CUST000048,XXXX-XXXX-XXXX-8973,Debit,Visa,2020-12-05,2025-12-05,0,0.0,Active
CARD000054,ACC000029,CUST000048,XXXX-XXXX-XXXX-9883,Credit,Visa,2021-10-04,2026-10-04,100000,32190.34,Active
CARD000055,ACC000030,CUST000031,XXXX-XXXX-XXXX-1821,Debit,RuPay,2023-05-20,2028-05-20,0,0.0,Active
CARD000056,ACC000031,CUST000357,XXXX-XXXX-XXXX-9701,Debit,Visa,2024-07-15,2029-07-15,0,0.0,Active
CARD000057,ACC000031,CUST000357,XXXX-XXXX-XXXX-2113,Credit,RuPay,2024-08-20,2029-08-20,50000,20203.01,Active
CARD000058,ACC000032,CUST000377,XXXX-XXXX-XXXX-2964,Debit,RuPay,2019-09-04,2024-09-04,0,0.0,Active
CARD000059,ACC000032,CUST000377,XXXX-XXXX-XXXX-9565,Credit,Mastercard,2020-04-23,2025-04-23,50000,28321.65,Active
CARD000060,ACC000033,CUST000081,XXXX-XXXX-XXXX-6147,Debit,Visa,2021-02-06,2026-02-06,0,0.0,Active
CARD000061,ACC000033,CUST000081,XXXX-XXXX-XXXX-8491,Credit,Mastercard,2021-08-02,2026-08-02,100000,52981.68,Active
CARD000062,ACC000034,CUST000062,XXXX-XXXX-XXXX-2188,Debit,Visa,2019-07-11,2024-07-11,0,0.0,Active
CARD000063,ACC000034,CUST000062,XXXX-XXXX-XXXX-9288,Credit,Mastercard,2019-10-29,2024-10-29,50000,47435.87,Active
CARD000064,ACC000035,CUST000162,XXXX-XXXX-XXXX-2127,Debit,Visa,2022-07-21,2027-07-21,0,0.0,Active
CARD000065,ACC000035,CUST000162,XXXX-XXXX-XXXX-5956,Credit,RuPay,2023-05-14,2028-05-14,100000,69327.08,Expired
CARD000066,ACC000036,CUST000235,XXXX-XXXX-XXXX-9666,Debit,Visa,2019-11-19,2024-11-19,0,0.0,Active
CARD000067,ACC000037,CUST000038,XXXX-XXXX-XXXX-5905,Debit,RuPay,2020-07-13,2025-07-13,0,0.0,Active
CARD000068,ACC000037,CUST000038,XXXX-XXXX-XXXX-3546,Credit,Mastercard,2020-09-18,2025-09-18,100000,81487.39,Active
CARD000069,ACC000038,CUST000081,XXXX-XXXX-XXXX-6617,Debit,Visa,2022-05-30,2027-05-30,0,0.0,Active
CARD000070,ACC000038,CUST000081,XXXX-XXXX-XXXX-1832,Credit,Visa,2022-10-29,2027-10-29,200000,129242.73,Active
CARD000071,ACC000039,CUST000342,XXXX-XXXX-XXXX-5533,Debit,Visa,2020-03-26,2025-03-26,0,0.0,Active
CARD000072,ACC000039,CUST000342,XXXX-XXXX-XXXX-3647,Credit,RuPay,2020-08-11,2025-08-11,100000,55402.06,Active
CARD000073,ACC000040,CUST000080,XXXX-XXXX-XXXX-8007,Debit,RuPay,2022-11-27,2027-11-27,0,0.0,Active
CARD000074,ACC000040,CUST000080,XXXX-XXXX-XXXX-9938,Credit,Visa,2023-02-19,2028-02-19,50000,16923.22,Active
CARD000075,ACC000041,CUST000129,XXXX-XXXX-XXXX-3426,Debit,Mastercard,2020-02-01,2025-02-01,0,0.0,Active
CARD000076,ACC000041,CUST000129,XXXX-XXXX-XXXX-6862,Credit,Visa,2020-03-04,2025-03-04,200000,148948.79,Active
CARD000077,ACC000042,CUST000067,XXXX-XXXX-XXXX-2684,Debit,Mastercard,2024-01-05,2029-01-05,0,0.0,Active
CARD000078,ACC000042,CUST000067,XXXX-XXXX-XXXX-4878,Credit,Visa,2024-04-02,2029-04-02,500000,159157.04,Blocked
CARD000079,ACC000043,CUST000484,XXXX-XXXX-XXXX-3900,Debit,Mastercard,2019-06-22,2024-06-22,0,0.0,Active
CARD000080,ACC000043,CUST000484,XXXX-XXXX-XXXX-5065,Credit,Mastercard,2020-01-23,2025-01-23,200000,90465.89,Active
CARD000081,ACC000044,CUST000158,XXXX-XXXX-XXXX-2771,Debit,Mastercard,2019-07-05,2024-07-05,0,0.0,Active
CARD000082,ACC000044,CUST000158,XXXX-XXXX-XXXX-6728,Credit,Mastercard,2020-03-04,2025-03-04,500000,422148.2,Active
CARD000083,ACC000045,CUST000400,XXXX-XXXX-XXXX-4728,Debit,Visa,2020-10-22,2025-10-22,0,0.0,Active
CARD000084,ACC000046,CUST000452,XXXX-XXXX-XXXX-7528,Debit,Mastercard,2022-09-28,2027-09-28,0,0.0,Active
CARD000085,ACC000046,CUST000452,XXXX-XXXX-XXXX-6753,Credit,RuPay,2023-03-13,2028-03-13,50000,16158.88,Active
CARD000086,ACC000047,CUST000137,XXXX-XXXX-XXXX-9785,Debit,Mastercard,2023-05-07,2028-05-07,0,0.0,Active
CARD000087,ACC000047,CUST000137,XXXX-XXXX-XXXX-3925,Credit,RuPay,2023-09-26,2028-09-26,50000,19303.66,Blocked
CARD000088,ACC000048,CUST000236,XXXX-XXXX-XXXX-1626,Debit,Visa,2021-07-29,2026-07-29,0,0.0,Active
CARD000089,ACC000048,CUST000236,XXXX-XXXX-XXXX-8149,Credit,RuPay,2022-01-27,2027-01-27,200000,98003.69,Expired
CARD000090,ACC000049,CUST000443,XXXX-XXXX-XXXX-7311,Debit,RuPay,2022-12-12,2027-12-12,0,0.0,Active
CARD000091,ACC000050,CUST000481,XXXX-XXXX-XXXX-8144,Debit,Visa,2021-12-06,2026-12-06,0,0.0,Active
CARD000092,ACC000051,CUST000306,XXXX-XXXX-XXXX-9821,Debit,RuPay,2022-08-02,2027-08-02,0,0.0,Active
CARD000093,ACC000051,CUST000306,XXXX-XXXX-XXXX-6409,Credit,RuPay,2022-09-11,2027-09-11,100000,74504.5,Active
CARD000094,ACC000052,CUST000296,XXXX-XXXX-XXXX-3041,Debit,RuPay,2023-12-19,2028-12-19,0,0.0,Active
CARD000095,ACC000053,CUST000482,XXXX-XXXX-XXXX-6067,Debit,RuPay,2023-02-16,2028-02-16,0,0.0,Active
CARD000096,ACC000053,CUST000482,XXXX-XXXX-XXXX-3085,Credit,Visa,2023-12-10,2028-12-10,500000,255977.06,Active
CARD000097,ACC000054,CUST000161,XXXX-XXXX-XXXX-7211,Debit,RuPay,2022-06-14,2027-06-14,0,0.0,Active
CARD000098,ACC000054,CUST000161,XXXX-XXXX-XXXX-7653,Credit,RuPay,2022-11-15,2027-11-15,100000,56913.96,Active
CARD000099,ACC000055,CUST000152,XXXX-XXXX-XXXX-5700,Debit,Visa,2023-04-11,2028-04-11,0,0.0,Active
CARD000100,ACC000055,CUST000152,XXXX-XXXX-XXXX-4501,Credit,RuPay,2023-12-14,2028-12-14,200000,134901.65,Active
CARD000101,ACC000056,CUST000001,XXXX-XXXX-XXXX-3780,Debit,RuPay,2022-09-09,2027-09-09,0,0.0,Active
CARD000102,ACC000056,CUST000001,XXXX-XXXX-XXXX-6085,Credit,Visa,2023-01-09,2028-01-09,200000,186925.79,Active
CARD000103,ACC000057,CUST000407,XXXX-XXXX-XXXX-1400,Debit,Visa,2020-11-30,2025-11-30,0,0.0,Active
CARD000104,ACC000057,CUST000407,XXXX-XXXX-XXXX-8461,Credit,Mastercard,2021-02-01,2026-02-01,500000,286054.11,Active
CARD000105,ACC000058,CUST000048,XXXX-XXXX-XXXX-4185,Debit,RuPay,2022-07-13,2027-07-13,0,0.0,Active
CARD000106,ACC000058,CUST000048,XXXX-XXXX-XXXX-1090,Credit,Visa,2022-10-08,2027-10-08,500000,360121.5,Active
CARD000107,ACC000059,CUST000244,XXXX-XXXX-XXXX-3881,Debit,RuPay,2024-02-16,2029-02-16,0,0.0,Active
CARD000108,ACC000059,CUST000244,XXXX-XXXX-XXXX-8478,Credit,Visa,2024-05-11,2029-05-11,50000,30490.8,Active
CARD000109,ACC000060,CUST000197,XXXX-XXXX-XXXX-9702,Debit,RuPay,2019-02-13,2024-02-13,0,0.0,Active
CARD000110,ACC000060,CUST000197,XXXX-XXXX-XXXX-7991,Credit,RuPay,2019-11-07,2024-11-07,500000,285571.69,Active
CARD000111,ACC000061,CUST000357,XXXX-XXXX-XXXX-8777,Debit,Mastercard,2021-10-22,2026-10-22,0,0.0,Active
CARD000112,ACC000061,CUST000357,XXXX-XXXX-XXXX-9540,Credit,Mastercard,2022-04-06,2027-04-06,100000,41209.6,Active
CARD000113,ACC000062,CUST000287,XXXX-XXXX-XXXX-8206,Debit,Visa,2023-12-26,2028-12-26,0,0.0,Active
CARD000114,ACC000062,CUST000287,XXXX-XXXX-XXXX-9849,Credit,Visa,2024-06-28,2029-06-28,100000,80979.94,Active
CARD000115,ACC000063,CUST000465,XXXX-XXXX-XXXX-7275,Debit,RuPay,2024-05-05,2029-05-05,0,0.0,Active
CARD000116,ACC000063,CUST000465,XXXX-XXXX-XXXX-6421,Credit,RuPay,2024-12-22,2029-12-22,100000,95503.98,Active
CARD000117,ACC000064,CUST000393,XXXX-XXXX-XXXX-4388,Debit,Mastercard,2021-09-07,2026-09-07,0,0.0,Active
CARD000118,ACC000064,CUST000393,XXXX-XXXX-XXXX-7232,Credit,Mastercard,2022-07-27,2027-07-27,50000,20014.38,Active
CARD000119,ACC000065,CUST000172,XXXX-XXXX-XXXX-5892,Debit,Mastercard,2020-07-31,2025-07-31,0,0.0,Active
CARD000120,ACC000065,CUST000172,XXXX-XXXX-XXXX-4613,Credit,Mastercard,2021-05-25,2026-05-25,500000,311622.8,Active
CARD000121,ACC000066,CUST000033,XXXX-XXXX-XXXX-8956,Debit,Visa,2024-04-05,2029-04-05,0,0.0,Active
CARD000122,ACC000066,CUST000033,XXXX-XXXX-XXXX-3091,Credit,RuPay,2024-12-17,2029-12-17,500000,246536.52,Active
CARD000123,ACC000067,CUST000395,XXXX-XXXX-XXXX-7455,Debit,RuPay,2023-05-07,2028-05-07,0,0.0,Active
CARD000124,ACC000067,CUST000395,XXXX-XXXX-XXXX-3223,Credit,Mastercard,2023-12-13,2028-12-13,50000,47061.84,Active
CARD000125,ACC000068,CUST000437,XXXX-XXXX-XXXX-7211,Debit,Mastercard,2021-06-30,2026-06-30,0,0.0,Active
CARD000126,ACC000068,CUST000437,XXXX-XXXX-XXXX-5558,Credit,Mastercard,2022-02-01,2027-02-01,200000,152749.92,Active
CARD000127,ACC000069,CUST000173,XXXX-XXXX-XXXX-8705,Debit,Visa,2020-11-09,2025-11-09,0,0.0,Active
CARD000128,ACC000070,CUST000465,XXXX-XXXX-XXXX-6733,Debit,Visa,2019-04-23,2024-04-23,0,0.0,Active
CARD000129,ACC000070,CUST000465,XXXX-XXXX-XXXX-4266,Credit,Visa,2019-09-25,2024-09-25,50000,23601.84,Active
CARD000130,ACC000071,CUST000026,XXXX-XXXX-XXXX-3068,Debit,Mastercard,2024-02-13,2029-02-13,0,0.0,Active
CARD000131,ACC000071,CUST000026,XXXX-XXXX-XXXX-7043,Credit,Visa,2024-07-16,2029-07-16,100000,67447.62,Active
CARD000132,ACC000072,CUST000488,XXXX-XXXX-XXXX-2876,Debit,Visa,2020-01-01,2025-01-01,0,0.0,Blocked
CARD000133,ACC000072,CUST000488,XXXX-XXXX-XXXX-7149,Credit,Mastercard,2020-06-08,2025-06-08,50000,29746.03,Blocked
CARD000134,ACC000073,CUST000180,XXXX-XXXX-XXXX-2245,Debit,RuPay,2019-06-20,2024-06-20,0,0.0,Active
CARD000135,ACC000074,CUST000079,XXXX-XXXX-XXXX-4978,Debit,Visa,2020-05-03,2025-05-03,0,0.0,Active
CARD000136,ACC000074,CUST000079,XXXX-XXXX-XXXX-2983,Credit,RuPay,2021-03-16,2026-03-16,200000,80958.95,Active
CARD000137,ACC000075,CUST000189,XXXX-XXXX-XXXX-9728,Debit,Mastercard,2020-04-25,2025-04-25,0,0.0,Active
CARD000138,ACC000075,CUST000189,XXXX-XXXX-XXXX-1207,Credit,Mastercard,2020-11-04,2025-11-04,50000,32291.37,Active
CARD000139,ACC000076,CUST000160,XXXX-XXXX-XXXX-8102,Debit,Mastercard,2023-03-21,2028-03-21,0,0.0,Active
CARD000140,ACC000076,CUST000160,XXXX-XXXX-XXXX-3885,Credit,RuPay,2023-11-25,2028-11-25,500000,252441.97,Active
CARD000141,ACC000077,CUST000426,XXXX-XXXX-XXXX-5425,Debit,RuPay,2022-06-09,2027-06-09,0,0.0,Active
CARD000142,ACC000077,CUST000426,XXXX-XXXX-XXXX-5397,Credit,Mastercard,2023-04-18,2028-04-18,500000,337294.18,Active
CARD000143,ACC000078,CUST000022,XXXX-XXXX-XXXX-2419,Debit,Mastercard,2023-03-24,2028-03-24,0,0.0,Active
CARD000144,ACC000078,CUST000022,XXXX-XXXX-XXXX-7209,Credit,Mastercard,2024-01-13,2029-01-13,100000,47466.66,Active
CARD000145,ACC000079,CUST000422,XXXX-XXXX-XXXX-6325,Debit,Visa,2023-02-19,2028-02-19,0,0.0,Active
CARD000146,ACC000079,CUST000422,XXXX-XXXX-XXXX-5581,Credit,RuPay,2023-08-15,2028-08-15,200000,88303.47,Active
CARD000147,ACC000080,CUST000495,XXXX-XXXX-XXXX-1166,Debit,RuPay,2024-06-11,2029-06-11,0,0.0,Active
CARD000148,ACC000080,CUST000495,XXXX-XXXX-XXXX-9004,Credit,RuPay,2025-01-27,2030-01-27,50000,41552.54,Active
CARD000149,ACC000081,CUST000437,XXXX-XXXX-XXXX-8800,Debit,RuPay,2022-03-10,2027-03-10,0,0.0,Active
CARD000150,ACC000081,CUST000437,XXXX-XXXX-XXXX-5820,Credit,Visa,2022-05-04,2027-05-04,500000,222473.5,Active
CARD000151,ACC000082,CUST000195,XXXX-XXXX-XXXX-6016,Debit,RuPay,2022-08-31,2027-08-31,0,0.0,Active
CARD000152,ACC000082,CUST000195,XXXX-XXXX-XXXX-7971,Credit,RuPay,2023-03-18,2028-03-18,500000,306284.47,Active
CARD000153,ACC000083,CUST000144,XXXX-XXXX-XXXX-8434,Debit,Mastercard,2022-02-16,2027-02-16,0,0.0,Active
CARD000154,ACC000084,CUST000369,XXXX-XXXX-XXXX-2976,Debit,RuPay,2021-09-18,2026-09-18,0,0.0,Active
CARD000155,ACC000084,CUST000369,XXXX-XXXX-XXXX-4138,Credit,Visa,2022-01-13,2027-01-13,50000,23999.16,Active
CARD000156,ACC000085,CUST000048,XXXX-XXXX-XXXX-9595,Debit,RuPay,2021-10-01,2026-10-01,0,0.0,Active
CARD000157,ACC000085,CUST000048,XXXX-XXXX-XXXX-4727,Credit,Mastercard,2022-03-23,2027-03-23,50000,20858.01,Active
CARD000158,ACC000086,CUST000177,XXXX-XXXX-XXXX-9751,Debit,Visa,2022-09-16,2027-09-16,0,0.0,Active
CARD000159,ACC000086,CUST000177,XXXX-XXXX-XXXX-9042,Credit,Visa,2022-12-19,2027-12-19,50000,30632.44,Active
CARD000160,ACC000087,CUST000062,XXXX-XXXX-XXXX-5658,Debit,Mastercard,2021-02-15,2026-02-15,0,0.0,Active
CARD000161,ACC000087,CUST000062,XXXX-XXXX-XXXX-5136,Credit,Mastercard,2021-03-25,2026-03-25,200000,174189.09,Active
CARD000162,ACC000088,CUST000390,XXXX-XXXX-XXXX-7565,Debit,Mastercard,2020-02-18,2025-02-18,0,0.0,Active
CARD000163,ACC000088,CUST000390,XXXX-XXXX-XXXX-5978,Credit,Visa,2020-12-30,2025-12-30,50000,44689.55,Expired
CARD000164,ACC000089,CUST000363,XXXX-XXXX-XXXX-7818,Debit,RuPay,2019-08-15,2024-08-15,0,0.0,Active
CARD000165,ACC000090,CUST000386,XXXX-XXXX-XXXX-4697,Debit,RuPay,2022-03-29,2027-03-29,0,0.0,Active
CARD000166,ACC000090,CUST000386,XXXX-XXXX-XXXX-8025,Credit,Mastercard,2023-02-04,2028-02-04,500000,395926.4,Active
CARD000167,ACC000091,CUST000130,XXXX-XXXX-XXXX-2625,Debit,Visa,2019-09-26,2024-09-26,0,0.0,Active
CARD000168,ACC000091,CUST000130,XXXX-XXXX-XXXX-4929,Credit,Visa,2020-01-13,2025-01-13,200000,107540.06,Active
CARD000169,ACC000092,CUST000078,XXXX-XXXX-XXXX-1043,Debit,Mastercard,2022-06-03,2027-06-03,0,0.0,Active
CARD000170,ACC000092,CUST000078,XXXX-XXXX-XXXX-5720,Credit,RuPay,2022-10-24,2027-10-24,500000,398059.25,Active
CARD000171,ACC000093,CUST000311,XXXX-XXXX-XXXX-8438,Debit,Visa,2024-12-07,2029-12-07,0,0.0,Active
CARD000172,ACC000093,CUST000311,XXXX-XXXX-XXXX-4241,Credit,Mastercard,2025-10-26,2030-10-26,200000,89704.08,Active
CARD000173,ACC000094,CUST000220,XXXX-XXXX-XXXX-3441,Debit,Mastercard,2020-02-18,2025-02-18,0,0.0,Active
CARD000174,ACC000094,CUST000220,XXXX-XXXX-XXXX-5728,Credit,Mastercard,2020-08-16,2025-08-16,50000,47912.67,Active
CARD000175,ACC000095,CUST000123,XXXX-XXXX-XXXX-5982,Debit,RuPay,2019-02-02,2024-02-02,0,0.0,Active
CARD000176,ACC000096,CUST000119,XXXX-XXXX-XXXX-9199,Debit,RuPay,2024-02-11,2029-02-11,0,0.0,Active
CARD000177,ACC000097,CUST000321,XXXX-XXXX-XXXX-1653,Debit,Mastercard,2021-03-23,2026-03-23,0,0.0,Active
CARD000178,ACC000097,CUST000321,XXXX-XXXX-XXXX-1339,Credit,RuPay,2021-08-15,2026-08-15,200000,196378.92,Active
CARD000179,ACC000098,CUST000137,XXXX-XXXX-XXXX-1659,Debit,Visa,2020-11-28,2025-11-28,0,0.0,Active
CARD000180,ACC000098,CUST000137,XXXX-XXXX-XXXX-8141,Credit,RuPay,2021-03-12,2026-03-12,500000,179374.52,Active
CARD000181,ACC000099,CUST000225,XXXX-XXXX-XXXX-8700,Debit,Mastercard,2023-07-09,2028-07-09,0,0.0,Active
CARD000182,ACC000099,CUST000225,XXXX-XXXX-XXXX-6403,Credit,Mastercard,2023-10-27,2028-10-27,200000,106181.31,Active
CARD000183,ACC000100,CUST000021,XXXX-XXXX-XXXX-7561,Debit,RuPay,2021-10-31,2026-10-31,0,0.0,Active
CARD000184,ACC000101,CUST000295,XXXX-XXXX-XXXX-6153,Debit,Mastercard,2022-01-10,2027-01-10,0,0.0,Active
CARD000185,ACC000101,CUST000295,XXXX-XXXX-XXXX-9889,Credit,Mastercard,2022-02-07,2027-02-07,500000,197281.3,Active
CARD000186,ACC000102,CUST000334,XXXX-XXXX-XXXX-9494,Debit,Mastercard,2023-11-27,2028-11-27,0,0.0,Active
CARD000187,ACC000102,CUST000334,XXXX-XXXX-XXXX-4335,Credit,Mastercard,2024-01-16,2029-01-16,500000,281106.94,Active
CARD000188,ACC000103,CUST000165,XXXX-XXXX-XXXX-5719,Debit,Mastercard,2022-10-11,2027-10-11,0,0.0,Active
CARD000189,ACC000103,CUST000165,XXXX-XXXX-XXXX-4920,Credit,RuPay,2023-08-30,2028-08-30,500000,457500.87,Active
CARD000190,ACC000104,CUST000417,XXXX-XXXX-XXXX-1224,Debit,RuPay,2020-01-13,2025-01-13,0,0.0,Active
CARD000191,ACC000104,CUST000417,XXXX-XXXX-XXXX-8560,Credit,Visa,2020-03-24,2025-03-24,100000,30542.0,Active
CARD000192,ACC000105,CUST000443,XXXX-XXXX-XXXX-9165,Debit,RuPay,2024-03-11,2029-03-11,0,0.0,Active
CARD000193,ACC000105,CUST000443,XXXX-XXXX-XXXX-8736,Credit,Visa,2024-12-09,2029-12-09,200000,141831.35,Active
CARD000194,ACC000106,CUST000256,XXXX-XXXX-XXXX-7284,Debit,Visa,2021-04-17,2026-04-17,0,0.0,Active
CARD000195,ACC000107,CUST000358,XXXX-XXXX-XXXX-3236,Debit,Visa,2021-09-23,2026-09-23,0,0.0,Active
CARD000196,ACC000107,CUST000358,XXXX-XXXX-XXXX-5377,Credit,Visa,2022-06-23,2027-06-23,500000,381043.66,Active
CARD000197,ACC000108,CUST000116,XXXX-XXXX-XXXX-9022,Debit,Visa,2024-03-14,2029-03-14,0,0.0,Active
CARD000198,ACC000108,CUST000116,XXXX-XXXX-XXXX-9903,Credit,Mastercard,2025-01-11,2030-01-11,500000,379206.62,Active
CARD000199,ACC000109,CUST000150,XXXX-XXXX-XXXX-4090,Debit,RuPay,2024-06-09,2029-06-09,0,0.0,Active
CARD000200,ACC000109,CUST000150,XXXX-XXXX-XXXX-1715,Credit,Mastercard,2025-01-25,2030-01-25,500000,418253.14,Active
CARD000201,ACC000110,CUST000472,XXXX-XXXX-XXXX-7246,Debit,Mastercard,2020-08-04,2025-08-04,0,0.0,Expired
CARD000202,ACC000110,CUST000472,XXXX-XXXX-XXXX-3068,Credit,RuPay,2020-08-30,2025-08-30,100000,65326.99,Blocked
CARD000203,ACC000111,CUST000479,XXXX-XXXX-XXXX-2644,Debit,Mastercard,2019-01-21,2024-01-21,0,0.0,Active
CARD000204,ACC000111,CUST000479,XXXX-XXXX-XXXX-7717,Credit,RuPay,2019-04-24,2024-04-24,500000,494628.34,Blocked
CARD000205,ACC000112,CUST000338,XXXX-XXXX-XXXX-8692,Debit,Mastercard,2024-06-08,2029-06-08,0,0.0,Active
CARD000206,ACC000112,CUST000338,XXXX-XXXX-XXXX-9742,Credit,Mastercard,2024-12-21,2029-12-21,500000,272557.17,Blocked
CARD000207,ACC000113,CUST000478,XXXX-XXXX-XXXX-8994,Debit,RuPay,2021-09-25,2026-09-25,0,0.0,Active
CARD000208,ACC000113,CUST000478,XXXX-XXXX-XXXX-4727,Credit,RuPay,2022-03-01,2027-03-01,50000,41783.04,Active
CARD000209,ACC000114,CUST000163,XXXX-XXXX-XXXX-2646,Debit,Mastercard,2023-04-14,2028-04-14,0,0.0,Active
CARD000210,ACC000114,CUST000163,XXXX-XXXX-XXXX-6314,Credit,Visa,2023-06-03,2028-06-03,200000,73520.63,Active
CARD000211,ACC000115,CUST000078,XXXX-XXXX-XXXX-8056,Debit,Visa,2024-08-30,2029-08-30,0,0.0,Active
CARD000212,ACC000115,CUST000078,XXXX-XXXX-XXXX-3785,Credit,Visa,2024-12-19,2029-12-19,500000,301925.18,Active
CARD000213,ACC000116,CUST000052,XXXX-XXXX-XXXX-7267,Debit,RuPay,2020-09-09,2025-09-09,0,0.0,Active
CARD000214,ACC000117,CUST000401,XXXX-XXXX-XXXX-3344,Debit,Visa,2023-07-02,2028-07-02,0,0.0,Active
CARD000215,ACC000117,CUST000401,XXXX-XXXX-XXXX-8622,Credit,Mastercard,2023-07-21,2028-07-21,200000,135660.13,Active
CARD000216,ACC000118,CUST000195,XXXX-XXXX-XXXX-2210,Debit,Mastercard,2024-06-26,2029-06-26,0,0.0,Active
CARD000217,ACC000118,CUST000195,XXXX-XXXX-XXXX-5097,Credit,Mastercard,2025-02-23,2030-02-23,200000,110548.58,Active
CARD000218,ACC000119,CUST000472,XXXX-XXXX-XXXX-7302,Debit,Mastercard,2020-01-12,2025-01-12,0,0.0,Active
CARD000219,ACC000119,CUST000472,XXXX-XXXX-XXXX-5847,Credit,RuPay,2020-11-25,2025-11-25,500000,299827.06,Active
CARD000220,ACC000120,CUST000052,XXXX-XXXX-XXXX-7484,Debit,Mastercard,2019-05-25,2024-05-25,0,0.0,Active
CARD000221,ACC000120,CUST000052,XXXX-XXXX-XXXX-5689,Credit,Visa,2020-02-07,2025-02-07,50000,18128.41,Active
CARD000222,ACC000121,CUST000221,XXXX-XXXX-XXXX-4588,Debit,RuPay,2021-01-18,2026-01-18,0,0.0,Active
CARD000223,ACC000121,CUST000221,XXXX-XXXX-XXXX-2591,Credit,RuPay,2021-04-17,2026-04-17,200000,105112.98,Active
CARD000224,ACC000122,CUST000350,XXXX-XXXX-XXXX-8222,Debit,Visa,2020-08-18,2025-08-18,0,0.0,Active
CARD000225,ACC000122,CUST000350,XXXX-XXXX-XXXX-6352,Credit,RuPay,2021-02-06,2026-02-06,100000,93690.66,Active
CARD000226,ACC000123,CUST000005,XXXX-XXXX-XXXX-3165,Debit,RuPay,2022-03-30,2027-03-30,0,0.0,Active
CARD000227,ACC000123,CUST000005,XXXX-XXXX-XXXX-3695,Credit,Mastercard,2022-09-09,2027-09-09,200000,125680.67,Active
CARD000228,ACC000124,CUST000301,XXXX-XXXX-XXXX-8894,Debit,Mastercard,2021-11-20,2026-11-20,0,0.0,Active
CARD000229,ACC000124,CUST000301,XXXX-XXXX-XXXX-2233,Credit,Visa,2022-07-17,2027-07-17,200000,87407.44,Active
CARD000230,ACC000125,CUST000248,XXXX-XXXX-XXXX-7511,Debit,RuPay,2023-01-17,2028-01-17,0,0.0,Active
CARD000231,ACC000125,CUST000248,XXXX-XXXX-XXXX-3024,Credit,Mastercard,2023-11-10,2028-11-10,500000,495128.47,Active
CARD000232,ACC000126,CUST000425,XXXX-XXXX-XXXX-5295,Debit,RuPay,2019-08-12,2024-08-12,0,0.0,Active
CARD000233,ACC000126,CUST000425,XXXX-XXXX-XXXX-8724,Credit,Visa,2019-12-16,2024-12-16,200000,184831.55,Active
CARD000234,ACC000127,CUST000398,XXXX-XXXX-XXXX-6374,Debit,RuPay,2023-01-13,2028-01-13,0,0.0,Active
CARD000235,ACC000127,CUST000398,XXXX-XXXX-XXXX-5951,Credit,RuPay,2023-09-07,2028-09-07,50000,27760.86,Active
CARD000236,ACC000128,CUST000370,XXXX-XXXX-XXXX-1742,Debit,Visa,2020-07-18,2025-07-18,0,0.0,Active
CARD000237,ACC000128,CUST000370,XXXX-XXXX-XXXX-9807,Credit,Visa,2020-12-11,2025-12-11,500000,459357.83,Active
CARD000238,ACC000129,CUST000226,XXXX-XXXX-XXXX-9850,Debit,Mastercard,2020-07-03,2025-07-03,0,0.0,Active
CARD000239,ACC000130,CUST000103,XXXX-XXXX-XXXX-3531,Debit,Mastercard,2023-03-02,2028-03-02,0,0.0,Active
CARD000240,ACC000130,CUST000103,XXXX-XXXX-XXXX-1536,Credit,RuPay,2023-07-30,2028-07-30,500000,284521.73,Active
CARD000241,ACC000131,CUST000468,XXXX-XXXX-XXXX-8285,Debit,Visa,2022-05-07,2027-05-07,0,0.0,Active
CARD000242,ACC000131,CUST000468,XXXX-XXXX-XXXX-9920,Credit,RuPay,2022-11-27,2027-11-27,50000,15667.53,Active
CARD000243,ACC000132,CUST000387,XXXX-XXXX-XXXX-5520,Debit,Visa,2023-06-28,2028-06-28,0,0.0,Blocked
CARD000244,ACC000132,CUST000387,XXXX-XXXX-XXXX-1349,Credit,Visa,2023-11-01,2028-11-01,500000,467914.3,Active
CARD000245,ACC000133,CUST000275,XXXX-XXXX-XXXX-3063,Debit,RuPay,2021-12-16,2026-12-16,0,0.0,Active
CARD000246,ACC000133,CUST000275,XXXX-XXXX-XXXX-6383,Credit,Visa,2022-05-07,2027-05-07,100000,58953.18,Active
CARD000247,ACC000134,CUST000346,XXXX-XXXX-XXXX-1046,Debit,Mastercard,2022-09-24,2027-09-24,0,0.0,Active
CARD000248,ACC000135,CUST000466,XXXX-XXXX-XXXX-3129,Debit,RuPay,2020-04-26,2025-04-26,0,0.0,Active
CARD000249,ACC000135,CUST000466,XXXX-XXXX-XXXX-3159,Credit,Visa,2020-06-04,2025-06-04,100000,92305.16,Active
CARD000250,ACC000136,CUST000060,XXXX-XXXX-XXXX-4898,Debit,RuPay,2020-08-03,2025-08-03,0,0.0,Active
CARD000251,ACC000136,CUST000060,XXXX-XXXX-XXXX-7897,Credit,RuPay,2020-10-11,2025-10-11,100000,81424.27,Active
CARD000252,ACC000137,CUST000485,XXXX-XXXX-XXXX-8802,Debit,Mastercard,2020-09-26,2025-09-26,0,0.0,Active
CARD000253,ACC000137,CUST000485,XXXX-XXXX-XXXX-1710,Credit,RuPay,2021-02-14,2026-02-14,50000,34179.81,Active
CARD000254,ACC000138,CUST000481,XXXX-XXXX-XXXX-9543,Debit,Mastercard,2023-03-25,2028-03-25,0,0.0,Active
CARD000255,ACC000139,CUST000051,XXXX-XXXX-XXXX-1510,Debit,Visa,2023-02-08,2028-02-08,0,0.0,Expired
CARD000256,ACC000139,CUST000051,XXXX-XXXX-XXXX-9032,Credit,RuPay,2023-04-04,2028-04-04,500000,350804.23,Active
CARD000257,ACC000140,CUST000435,XXXX-XXXX-XXXX-2323,Debit,Mastercard,2021-05-20,2026-05-20,0,0.0,Active
CARD000258,ACC000140,CUST000435,XXXX-XXXX-XXXX-9984,Credit,RuPay,2022-05-02,2027-05-02,50000,45583.29,Active
CARD000259,ACC000141,CUST000065,XXXX-XXXX-XXXX-9692,Debit,Mastercard,2021-05-17,2026-05-17,0,0.0,Active
CARD000260,ACC000141,CUST000065,XXXX-XXXX-XXXX-4522,Credit,Mastercard,2021-07-25,2026-07-25,500000,465287.54,Active
CARD000261,ACC000142,CUST000076,XXXX-XXXX-XXXX-7779,Debit,Mastercard,2022-02-16,2027-02-16,0,0.0,Active
CARD000262,ACC000142,CUST000076,XXXX-XXXX-XXXX-6120,Credit,Mastercard,2022-04-28,2027-04-28,500000,354403.62,Active
CARD000263,ACC000143,CUST000057,XXXX-XXXX-XXXX-7132,Debit,Visa,2019-03-10,2024-03-10,0,0.0,Active
CARD000264,ACC000143,CUST000057,XXXX-XXXX-XXXX-2527,Credit,Mastercard,2019-05-14,2024-05-14,500000,476503.34,Active
CARD000265,ACC000144,CUST000090,XXXX-XXXX-XXXX-7105,Debit,Visa,2023-10-14,2028-10-14,0,0.0,Active
CARD000266,ACC000144,CUST000090,XXXX-XXXX-XXXX-6793,Credit,RuPay,2024-05-18,2029-05-18,200000,106198.14,Blocked
CARD000267,ACC000145,CUST000186,XXXX-XXXX-XXXX-1842,Debit,Mastercard,2024-09-07,2029-09-07,0,0.0,Active
CARD000268,ACC000145,CUST000186,XXXX-XXXX-XXXX-4485,Credit,Visa,2025-06-10,2030-06-10,200000,185495.92,Active
CARD000269,ACC000146,CUST000444,XXXX-XXXX-XXXX-2773,Debit,Mastercard,2019-05-15,2024-05-15,0,0.0,Active
CARD000270,ACC000146,CUST000444,XXXX-XXXX-XXXX-4705,Credit,Mastercard,2019-10-27,2024-10-27,200000,183916.06,Active
CARD000271,ACC000147,CUST000056,XXXX-XXXX-XXXX-1430,Debit,RuPay,2019-11-22,2024-11-22,0,0.0,Active
CARD000272,ACC000147,CUST000056,XXXX-XXXX-XXXX-6062,Credit,Mastercard,2020-04-15,2025-04-15,200000,195946.55,Active
CARD000273,ACC000148,CUST000320,XXXX-XXXX-XXXX-3347,Debit,RuPay,2022-08-29,2027-08-29,0,0.0,Active
CARD000274,ACC000148,CUST000320,XXXX-XXXX-XXXX-1502,Credit,Visa,2023-08-13,2028-08-13,50000,45034.39,Active
CARD000275,ACC000149,CUST000310,XXXX-XXXX-XXXX-7163,Debit,Mastercard,2020-04-19,2025-04-19,0,0.0,Active
CARD000276,ACC000149,CUST000310,XXXX-XXXX-XXXX-2391,Credit,Visa,2020-10-26,2025-10-26,100000,74096.28,Active
CARD000277,ACC000150,CUST000117,XXXX-XXXX-XXXX-1815,Debit,RuPay,2023-07-16,2028-07-16,0,0.0,Active
CARD000278,ACC000150,CUST000117,XXXX-XXXX-XXXX-8242,Credit,Mastercard,2024-03-26,2029-03-26,500000,268321.46,Active
CARD000279,ACC000151,CUST000131,XXXX-XXXX-XXXX-9394,Debit,Visa,2024-05-20,2029-05-20,0,0.0,Active
CARD000280,ACC000151,CUST000131,XXXX-XXXX-XXXX-8972,Credit,RuPay,2025-03-25,2030-03-25,50000,40086.37,Active
CARD000281,ACC000152,CUST000382,XXXX-XXXX-XXXX-4612,Debit,Mastercard,2019-09-04,2024-09-04,0,0.0,Expired
CARD000282,ACC000152,CUST000382,XXXX-XXXX-XXXX-4460,Credit,Visa,2020-03-05,2025-03-05,50000,49730.95,Active
CARD000283,ACC000153,CUST000211,XXXX-XXXX-XXXX-6375,Debit,Visa,2023-10-08,2028-10-08,0,0.0,Active
CARD000284,ACC000153,CUST000211,XXXX-XXXX-XXXX-9725,Credit,RuPay,2024-05-10,2029-05-10,500000,438506.82,Active
CARD000285,ACC000154,CUST000296,XXXX-XXXX-XXXX-6802,Debit,Visa,2024-06-15,2029-06-15,0,0.0,Active
CARD000286,ACC000154,CUST000296,XXXX-XXXX-XXXX-2275,Credit,Mastercard,2025-02-18,2030-02-18,50000,34732.31,Active
CARD000287,ACC000155,CUST000059,XXXX-XXXX-XXXX-7626,Debit,RuPay,2023-11-11,2028-11-11,0,0.0,Active
CARD000288,ACC000155,CUST000059,XXXX-XXXX-XXXX-6321,Credit,Visa,2023-12-03,2028-12-03,200000,183875.73,Active
CARD000289,ACC000156,CUST000330,XXXX-XXXX-XXXX-8538,Debit,RuPay,2022-01-19,2027-01-19,0,0.0,Active
CARD000290,ACC000156,CUST000330,XXXX-XXXX-XXXX-4986,Credit,Mastercard,2022-03-25,2027-03-25,50000,34715.09,Active
CARD000291,ACC000157,CUST000174,XXXX-XXXX-XXXX-2288,Debit,Mastercard,2020-08-25,2025-08-25,0,0.0,Active
CARD000292,ACC000157,CUST000174,XXXX-XXXX-XXXX-2251,Credit,RuPay,2020-12-03,2025-12-03,200000,168979.91,Active
CARD000293,ACC000158,CUST000498,XXXX-XXXX-XXXX-9355,Debit,Visa,2021-06-16,2026-06-16,0,0.0,Active
CARD000294,ACC000158,CUST000498,XXXX-XXXX-XXXX-3419,Credit,Visa,2022-05-26,2027-05-26,200000,150846.04,Active
CARD000295,ACC000159,CUST000370,XXXX-XXXX-XXXX-4232,Debit,Visa,2019-12-22,2024-12-22,0,0.0,Active
CARD000296,ACC000159,CUST000370,XXXX-XXXX-XXXX-9095,Credit,Mastercard,2020-11-29,2025-11-29,50000,43799.89,Active
CARD000297,ACC000160,CUST000042,XXXX-XXXX-XXXX-8354,Debit,RuPay,2024-07-06,2029-07-06,0,0.0,Active
CARD000298,ACC000160,CUST000042,XXXX-XXXX-XXXX-6179,Credit,Visa,2025-05-29,2030-05-29,200000,79005.44,Active
CARD000299,ACC000161,CUST000059,XXXX-XXXX-XXXX-8245,Debit,RuPay,2024-07-01,2029-07-01,0,0.0,Active
CARD000300,ACC000161,CUST000059,XXXX-XXXX-XXXX-9312,Credit,Visa,2025-01-12,2030-01-12,200000,117201.23,Active
CARD000301,ACC000162,CUST000307,XXXX-XXXX-XXXX-1616,Debit,Visa,2021-05-29,2026-05-29,0,0.0,Active
CARD000302,ACC000163,CUST000255,XXXX-XXXX-XXXX-2257,Debit,RuPay,2023-04-16,2028-04-16,0,0.0,Active
CARD000303,ACC000163,CUST000255,XXXX-XXXX-XXXX-7299,Credit,Mastercard,2024-01-21,2029-01-21,50000,28474.71,Active
CARD000304,ACC000164,CUST000413,XXXX-XXXX-XXXX-1672,Debit,Mastercard,2019-07-23,2024-07-23,0,0.0,Active
CARD000305,ACC000165,CUST000295,XXXX-XXXX-XXXX-4084,Debit,Mastercard,2023-09-25,2028-09-25,0,0.0,Active
CARD000306,ACC000165,CUST000295,XXXX-XXXX-XXXX-2695,Credit,Mastercard,2024-05-24,2029-05-24,100000,32959.43,Expired
CARD000307,ACC000166,CUST000411,XXXX-XXXX-XXXX-9266,Debit,RuPay,2023-01-24,2028-01-24,0,0.0,Active
CARD000308,ACC000166,CUST000411,XXXX-XXXX-XXXX-9586,Credit,RuPay,2023-10-03,2028-10-03,100000,50466.48,Active
CARD000309,ACC000167,CUST000206,XXXX-XXXX-XXXX-7108,Debit,Mastercard,2022-07-05,2027-07-05,0,0.0,Active
CARD000310,ACC000167,CUST000206,XXXX-XXXX-XXXX-6482,Credit,Visa,2022-08-19,2027-08-19,200000,104954.32,Active
CARD000311,ACC000168,CUST000325,XXXX-XXXX-XXXX-7333,Debit,Mastercard,2022-12-19,2027-12-19,0,0.0,Active
CARD000312,ACC000168,CUST000325,XXXX-XXXX-XXXX-3317,Credit,Mastercard,2023-10-26,2028-10-26,100000,76664.66,Active
CARD000313,ACC000169,CUST000121,XXXX-XXXX-XXXX-7421,Debit,Visa,2020-12-31,2025-12-31,0,0.0,Active
CARD000314,ACC000170,CUST000488,XXXX-XXXX-XXXX-2388,Debit,Mastercard,2024-02-12,2029-02-12,0,0.0,Active
CARD000315,ACC000171,CUST000498,XXXX-XXXX-XXXX-6381,Debit,Visa,2019-10-27,2024-10-27,0,0.0,Active
CARD000316,ACC000171,CUST000498,XXXX-XXXX-XXXX-9331,Credit,Mastercard,2020-06-09,2025-06-09,50000,27389.13,Active
CARD000317,ACC000172,CUST000029,XXXX-XXXX-XXXX-3953,Debit,Visa,2024-03-15,2029-03-15,0,0.0,Active
CARD000318,ACC000172,CUST000029,XXXX-XXXX-XXXX-3538,Credit,Visa,2024-06-14,2029-06-14,500000,432798.17,Active
CARD000319,ACC000173,CUST000331,XXXX-XXXX-XXXX-2657,Debit,RuPay,2024-10-02,2029-10-02,0,0.0,Active
CARD000320,ACC000173,CUST000331,XXXX-XXXX-XXXX-3147,Credit,RuPay,2025-08-19,2030-08-19,50000,26832.48,Active
CARD000321,ACC000174,CUST000459,XXXX-XXXX-XXXX-3962,Debit,RuPay,2021-02-15,2026-02-15,0,0.0,Active
CARD000322,ACC000174,CUST000459,XXXX-XXXX-XXXX-7731,Credit,Mastercard,2021-04-03,2026-04-03,100000,49517.19,Active
CARD000323,ACC000175,CUST000231,XXXX-XXXX-XXXX-8277,Debit,RuPay,2022-11-14,2027-11-14,0,0.0,Active
CARD000324,ACC000175,CUST000231,XXXX-XXXX-XXXX-6070,Credit,Mastercard,2023-04-08,2028-04-08,500000,418098.97,Active
CARD000325,ACC000176,CUST000225,XXXX-XXXX-XXXX-7026,Debit,RuPay,2020-10-18,2025-10-18,0,0.0,Active
CARD000326,ACC000176,CUST000225,XXXX-XXXX-XXXX-7256,Credit,RuPay,2021-04-04,2026-04-04,500000,338412.01,Active
CARD000327,ACC000177,CUST000174,XXXX-XXXX-XXXX-3655,Debit,Visa,2022-11-01,2027-11-01,0,0.0,Active
CARD000328,ACC000177,CUST000174,XXXX-XXXX-XXXX-8873,Credit,Mastercard,2022-11-27,2027-11-27,100000,38889.87,Active
CARD000329,ACC000178,CUST000130,XXXX-XXXX-XXXX-9452,Debit,Visa,2020-09-10,2025-09-10,0,0.0,Active
CARD000330,ACC000178,CUST000130,XXXX-XXXX-XXXX-3414,Credit,Mastercard,2021-06-26,2026-06-26,100000,80904.61,Active
CARD000331,ACC000179,CUST000159,XXXX-XXXX-XXXX-4637,Debit,Mastercard,2023-06-23,2028-06-23,0,0.0,Active
CARD000332,ACC000180,CUST000193,XXXX-XXXX-XXXX-1436,Debit,Mastercard,2020-07-06,2025-07-06,0,0.0,Active
CARD000333,ACC000180,CUST000193,XXXX-XXXX-XXXX-7142,Credit,Visa,2020-08-17,2025-08-17,200000,166991.07,Active
CARD000334,ACC000181,CUST000010,XXXX-XXXX-XXXX-2623,Debit,RuPay,2021-06-25,2026-06-25,0,0.0,Active
CARD000335,ACC000181,CUST000010,XXXX-XXXX-XXXX-8740,Credit,RuPay,2021-11-19,2026-11-19,100000,90368.03,Active
CARD000336,ACC000182,CUST000071,XXXX-XXXX-XXXX-8685,Debit,Mastercard,2020-03-14,2025-03-14,0,0.0,Active
CARD000337,ACC000182,CUST000071,XXXX-XXXX-XXXX-3449,Credit,RuPay,2020-07-08,2025-07-08,50000,49334.86,Blocked
CARD000338,ACC000183,CUST000020,XXXX-XXXX-XXXX-9647,Debit,Mastercard,2020-07-09,2025-07-09,0,0.0,Active
CARD000339,ACC000183,CUST000020,XXXX-XXXX-XXXX-1782,Credit,Visa,2020-09-20,2025-09-20,200000,166730.37,Active
CARD000340,ACC000184,CUST000395,XXXX-XXXX-XXXX-8489,Debit,Visa,2023-12-23,2028-12-23,0,0.0,Active
CARD000341,ACC000184,CUST000395,XXXX-XXXX-XXXX-9443,Credit,RuPay,2024-01-05,2029-01-05,500000,291141.34,Active
CARD000342,ACC000185,CUST000228,XXXX-XXXX-XXXX-5772,Debit,Mastercard,2024-01-17,2029-01-17,0,0.0,Active
CARD000343,ACC000185,CUST000228,XXXX-XXXX-XXXX-4068,Credit,RuPay,2024-09-12,2029-09-12,200000,166321.01,Active
CARD000344,ACC000186,CUST000241,XXXX-XXXX-XXXX-6908,Debit,Visa,2023-12-26,2028-12-26,0,0.0,Blocked
CARD000345,ACC000186,CUST000241,XXXX-XXXX-XXXX-1713,Credit,RuPay,2024-09-05,2029-09-05,50000,36334.12,Active
CARD000346,ACC000187,CUST000215,XXXX-XXXX-XXXX-5155,Debit,RuPay,2020-07-31,2025-07-31,0,0.0,Active
CARD000347,ACC000187,CUST000215,XXXX-XXXX-XXXX-2698,Credit,RuPay,2021-07-06,2026-07-06,50000,37931.91,Active
CARD000348,ACC000188,CUST000479,XXXX-XXXX-XXXX-3185,Debit,Visa,2020-06-04,2025-06-04,0,0.0,Active
CARD000349,ACC000188,CUST000479,XXXX-XXXX-XXXX-8612,Credit,RuPay,2020-09-21,2025-09-21,200000,86108.76,Active
CARD000350,ACC000189,CUST000263,XXXX-XXXX-XXXX-3209,Debit,Visa,2021-07-03,2026-07-03,0,0.0,Active
CARD000351,ACC000190,CUST000203,XXXX-XXXX-XXXX-8498,Debit,Visa,2019-12-31,2024-12-31,0,0.0,Active
CARD000352,ACC000190,CUST000203,XXXX-XXXX-XXXX-6170,Credit,Mastercard,2020-01-21,2025-01-21,50000,22311.18,Active
CARD000353,ACC000191,CUST000366,XXXX-XXXX-XXXX-9897,Debit,Mastercard,2020-08-12,2025-08-12,0,0.0,Active
CARD000354,ACC000191,CUST000366,XXXX-XXXX-XXXX-6438,Credit,Mastercard,2020-09-09,2025-09-09,100000,79972.24,Active
CARD000355,ACC000192,CUST000072,XXXX-XXXX-XXXX-8159,Debit,Mastercard,2019-02-02,2024-02-02,0,0.0,Active
CARD000356,ACC000192,CUST000072,XXXX-XXXX-XXXX-9129,Credit,RuPay,2019-05-27,2024-05-27,500000,381337.18,Active
CARD000357,ACC000193,CUST000482,XXXX-XXXX-XXXX-9507,Debit,Mastercard,2020-04-29,2025-04-29,0,0.0,Active
CARD000358,ACC000193,CUST000482,XXXX-XXXX-XXXX-3956,Credit,RuPay,2021-03-04,2026-03-04,500000,472375.55,Active
CARD000359,ACC000194,CUST000328,XXXX-XXXX-XXXX-2311,Debit,Mastercard,2020-04-02,2025-04-02,0,0.0,Active
CARD000360,ACC000194,CUST000328,XXXX-XXXX-XXXX-3730,Credit,RuPay,2020-12-03,2025-12-03,200000,137571.79,Active
CARD000361,ACC000195,CUST000124,XXXX-XXXX-XXXX-1693,Debit,RuPay,2019-01-21,2024-01-21,0,0.0,Active
CARD000362,ACC000195,CUST000124,XXXX-XXXX-XXXX-5498,Credit,RuPay,2019-09-16,2024-09-16,200000,113920.79,Expired
CARD000363,ACC000196,CUST000343,XXXX-XXXX-XXXX-1939,Debit,Visa,2019-11-04,2024-11-04,0,0.0,Active
CARD000364,ACC000196,CUST000343,XXXX-XXXX-XXXX-1510,Credit,Visa,2020-01-24,2025-01-24,500000,372841.1,Active
CARD000365,ACC000197,CUST000011,XXXX-XXXX-XXXX-8179,Debit,Visa,2023-05-25,2028-05-25,0,0.0,Active
CARD000366,ACC000197,CUST000011,XXXX-XXXX-XXXX-6933,Credit,Mastercard,2023-12-07,2028-12-07,100000,45503.92,Blocked
CARD000367,ACC000198,CUST000177,XXXX-XXXX-XXXX-3513,Debit,RuPay,2020-03-01,2025-03-01,0,0.0,Active
CARD000368,ACC000198,CUST000177,XXXX-XXXX-XXXX-3255,Credit,RuPay,2020-05-08,2025-05-08,200000,147918.13,Active
CARD000369,ACC000199,CUST000280,XXXX-XXXX-XXXX-5566,Debit,Visa,2024-03-28,2029-03-28,0,0.0,Blocked
CARD000370,ACC000199,CUST000280,XXXX-XXXX-XXXX-9482,Credit,Mastercard,2024-12-28,2029-12-28,50000,24251.38,Active
CARD000371,ACC000200,CUST000398,XXXX-XXXX-XXXX-5288,Debit,Mastercard,2021-04-08,2026-04-08,0,0.0,Active
CARD000372,ACC000200,CUST000398,XXXX-XXXX-XXXX-9047,Credit,Visa,2021-09-28,2026-09-28,100000,30254.44,Active
CARD000373,ACC000201,CUST000159,XXXX-XXXX-XXXX-2213,Debit,Mastercard,2024-05-20,2029-05-20,0,0.0,Active
CARD000374,ACC000201,CUST000159,XXXX-XXXX-XXXX-6692,Credit,RuPay,2024-11-02,2029-11-02,500000,150958.16,Active
CARD000375,ACC000202,CUST000442,XXXX-XXXX-XXXX-5757,Debit,Mastercard,2022-10-08,2027-10-08,0,0.0,Active
CARD000376,ACC000202,CUST000442,XXXX-XXXX-XXXX-4673,Credit,Visa,2023-07-08,2028-07-08,100000,44441.25,Expired
CARD000377,ACC000203,CUST000381,XXXX-XXXX-XXXX-3275,Debit,Visa,2022-11-14,2027-11-14,0,0.0,Active
CARD000378,ACC000203,CUST000381,XXXX-XXXX-XXXX-7044,Credit,Mastercard,2023-09-08,2028-09-08,50000,37368.62,Active
CARD000379,ACC000204,CUST000266,XXXX-XXXX-XXXX-3126,Debit,RuPay,2023-10-22,2028-10-22,0,0.0,Active
CARD000380,ACC000205,CUST000151,XXXX-XXXX-XXXX-6067,Debit,Mastercard,2022-04-27,2027-04-27,0,0.0,Expired
CARD000381,ACC000205,CUST000151,XXXX-XXXX-XXXX-2208,Credit,Visa,2022-12-20,2027-12-20,500000,316006.52,Blocked
CARD000382,ACC000206,CUST000228,XXXX-XXXX-XXXX-2215,Debit,Mastercard,2023-01-04,2028-01-04,0,0.0,Active
CARD000383,ACC000206,CUST000228,XXXX-XXXX-XXXX-3981,Credit,Visa,2023-10-23,2028-10-23,200000,182033.15,Active
CARD000384,ACC000207,CUST000486,XXXX-XXXX-XXXX-1907,Debit,Visa,2023-08-20,2028-08-20,0,0.0,Active
CARD000385,ACC000207,CUST000486,XXXX-XXXX-XXXX-4694,Credit,Mastercard,2024-02-02,2029-02-02,200000,176948.01,Blocked
CARD000386,ACC000208,CUST000016,XXXX-XXXX-XXXX-5653,Debit,Visa,2023-12-16,2028-12-16,0,0.0,Active
CARD000387,ACC000208,CUST000016,XXXX-XXXX-XXXX-9740,Credit,Visa,2024-06-02,2029-06-02,200000,182476.16,Active
CARD000388,ACC000209,CUST000186,XXXX-XXXX-XXXX-3526,Debit,Visa,2020-09-25,2025-09-25,0,0.0,Active
CARD000389,ACC000209,CUST000186,XXXX-XXXX-XXXX-1674,Credit,Visa,2021-08-04,2026-08-04,200000,82045.8,Active
CARD000390,ACC000210,CUST000294,XXXX-XXXX-XXXX-5336,Debit,RuPay,2022-08-10,2027-08-10,0,0.0,Active
CARD000391,ACC000210,CUST000294,XXXX-XXXX-XXXX-9159,Credit,RuPay,2022-08-25,2027-08-25,500000,283662.05,Active
CARD000392,ACC000211,CUST000256,XXXX-XXXX-XXXX-5949,Debit,Mastercard,2020-05-17,2025-05-17,0,0.0,Active
CARD000393,ACC000211,CUST000256,XXXX-XXXX-XXXX-1981,Credit,Visa,2020-07-03,2025-07-03,500000,395898.14,Active
CARD000394,ACC000212,CUST000314,XXXX-XXXX-XXXX-8609,Debit,Visa,2024-07-19,2029-07-19,0,0.0,Active
CARD000395,ACC000212,CUST000314,XXXX-XXXX-XXXX-6658,Credit,Mastercard,2025-01-13,2030-01-13,100000,78119.23,Active
CARD000396,ACC000213,CUST000461,XXXX-XXXX-XXXX-9437,Debit,RuPay,2022-08-13,2027-08-13,0,0.0,Active
CARD000397,ACC000213,CUST000461,XXXX-XXXX-XXXX-8366,Credit,Visa,2023-01-15,2028-01-15,100000,67346.92,Active
CARD000398,ACC000214,CUST000154,XXXX-XXXX-XXXX-5754,Debit,Mastercard,2020-12-15,2025-12-15,0,0.0,Active
CARD000399,ACC000214,CUST000154,XXXX-XXXX-XXXX-6364,Credit,RuPay,2021-04-04,2026-04-04,500000,413105.4,Active
CARD000400,ACC000215,CUST000072,XXXX-XXXX-XXXX-3610,Debit,Mastercard,2023-01-24,2028-01-24,0,0.0,Expired
CARD000401,ACC000215,CUST000072,XXXX-XXXX-XXXX-9148,Credit,Visa,2023-07-24,2028-07-24,500000,325434.1,Active
CARD000402,ACC000216,CUST000067,XXXX-XXXX-XXXX-9281,Debit,Mastercard,2022-07-02,2027-07-02,0,0.0,Blocked
CARD000403,ACC000216,CUST000067,XXXX-XXXX-XXXX-1828,Credit,Mastercard,2022-08-13,2027-08-13,100000,59165.91,Active
CARD000404,ACC000217,CUST000394,XXXX-XXXX-XXXX-8710,Debit,Mastercard,2020-06-25,2025-06-25,0,0.0,Active
CARD000405,ACC000217,CUST000394,XXXX-XXXX-XXXX-6992,Credit,Mastercard,2020-11-09,2025-11-09,50000,34917.53,Active
CARD000406,ACC000218,CUST000177,XXXX-XXXX-XXXX-1838,Debit,RuPay,2021-01-27,2026-01-27,0,0.0,Active
CARD000407,ACC000218,CUST000177,XXXX-XXXX-XXXX-7329,Credit,RuPay,2021-03-23,2026-03-23,200000,122548.79,Active
CARD000408,ACC000219,CUST000064,XXXX-XXXX-XXXX-5582,Debit,RuPay,2020-11-11,2025-11-11,0,0.0,Active
CARD000409,ACC000219,CUST000064,XXXX-XXXX-XXXX-7453,Credit,Mastercard,2021-01-12,2026-01-12,50000,45496.78,Active
CARD000410,ACC000220,CUST000266,XXXX-XXXX-XXXX-6990,Debit,Visa,2021-11-02,2026-11-02,0,0.0,Active
CARD000411,ACC000220,CUST000266,XXXX-XXXX-XXXX-1637,Credit,Visa,2021-12-15,2026-12-15,500000,324972.73,Active
CARD000412,ACC000221,CUST000156,XXXX-XXXX-XXXX-8761,Debit,RuPay,2020-12-16,2025-12-16,0,0.0,Active
CARD000413,ACC000221,CUST000156,XXXX-XXXX-XXXX-6218,Credit,Visa,2021-10-30,2026-10-30,100000,77042.39,Active
CARD000414,ACC000222,CUST000369,XXXX-XXXX-XXXX-5902,Debit,RuPay,2019-07-07,2024-07-07,0,0.0,Active
CARD000415,ACC000223,CUST000136,XXXX-XXXX-XXXX-9351,Debit,RuPay,2023-09-29,2028-09-29,0,0.0,Active
CARD000416,ACC000223,CUST000136,XXXX-XXXX-XXXX-7035,Credit,Mastercard,2023-10-11,2028-10-11,200000,133515.04,Active
CARD000417,ACC000224,CUST000149,XXXX-XXXX-XXXX-6040,Debit,RuPay,2021-10-13,2026-10-13,0,0.0,Active
CARD000418,ACC000224,CUST000149,XXXX-XXXX-XXXX-4728,Credit,RuPay,2022-03-14,2027-03-14,50000,29108.16,Active
CARD000419,ACC000225,CUST000226,XXXX-XXXX-XXXX-3793,Debit,RuPay,2022-11-09,2027-11-09,0,0.0,Active
CARD000420,ACC000225,CUST000226,XXXX-XXXX-XXXX-1517,Credit,RuPay,2023-03-28,2028-03-28,500000,448278.5,Blocked
CARD000421,ACC000226,CUST000441,XXXX-XXXX-XXXX-4125,Debit,Visa,2023-03-01,2028-03-01,0,0.0,Active
CARD000422,ACC000226,CUST000441,XXXX-XXXX-XXXX-7723,Credit,RuPay,2023-07-10,2028-07-10,500000,446999.06,Active
CARD000423,ACC000227,CUST000137,XXXX-XXXX-XXXX-8726,Debit,RuPay,2019-08-25,2024-08-25,0,0.0,Active
CARD000424,ACC000227,CUST000137,XXXX-XXXX-XXXX-6325,Credit,RuPay,2020-06-08,2025-06-08,100000,63692.18,Active
CARD000425,ACC000228,CUST000493,XXXX-XXXX-XXXX-6140,Debit,Visa,2022-09-15,2027-09-15,0,0.0,Active
CARD000426,ACC000228,CUST000493,XXXX-XXXX-XXXX-5331,Credit,RuPay,2023-08-28,2028-08-28,200000,123521.75,Active
CARD000427,ACC000229,CUST000264,XXXX-XXXX-XXXX-5038,Debit,Mastercard,2024-08-29,2029-08-29,0,0.0,Active
CARD000428,ACC000229,CUST000264,XXXX-XXXX-XXXX-5735,Credit,RuPay,2025-01-28,2030-01-28,100000,34096.01,Active
CARD000429,ACC000230,CUST000124,XXXX-XXXX-XXXX-9011,Debit,Mastercard,2019-08-18,2024-08-18,0,0.0,Active
CARD000430,ACC000230,CUST000124,XXXX-XXXX-XXXX-9899,Credit,Mastercard,2020-06-14,2025-06-14,200000,159709.49,Active
CARD000431,ACC000231,CUST000241,XXXX-XXXX-XXXX-6654,Debit,Visa,2020-03-28,2025-03-28,0,0.0,Active
CARD000432,ACC000232,CUST000207,XXXX-XXXX-XXXX-2294,Debit,Mastercard,2021-03-17,2026-03-17,0,0.0,Active
CARD000433,ACC000232,CUST000207,XXXX-XXXX-XXXX-4310,Credit,RuPay,2021-07-25,2026-07-25,200000,95372.61,Active
CARD000434,ACC000233,CUST000392,XXXX-XXXX-XXXX-5450,Debit,Visa,2020-05-18,2025-05-18,0,0.0,Active
CARD000435,ACC000233,CUST000392,XXXX-XXXX-XXXX-4697,Credit,RuPay,2021-02-26,2026-02-26,100000,83027.94,Active
CARD000436,ACC000234,CUST000174,XXXX-XXXX-XXXX-7771,Debit,Mastercard,2020-08-16,2025-08-16,0,0.0,Active
CARD000437,ACC000234,CUST000174,XXXX-XXXX-XXXX-1084,Credit,RuPay,2020-11-21,2025-11-21,50000,26158.28,Blocked
CARD000438,ACC000235,CUST000020,XXXX-XXXX-XXXX-7666,Debit,RuPay,2024-04-29,2029-04-29,0,0.0,Active
CARD000439,ACC000235,CUST000020,XXXX-XXXX-XXXX-5706,Credit,Mastercard,2024-09-03,2029-09-03,500000,332893.02,Active
CARD000440,ACC000236,CUST000168,XXXX-XXXX-XXXX-2465,Debit,RuPay,2023-05-30,2028-05-30,0,0.0,Active
CARD000441,ACC000236,CUST000168,XXXX-XXXX-XXXX-7846,Credit,Visa,2023-09-25,2028-09-25,50000,18036.96,Active
CARD000442,ACC000237,CUST000425,XXXX-XXXX-XXXX-7504,Debit,Mastercard,2022-05-13,2027-05-13,0,0.0,Active
CARD000443,ACC000237,CUST000425,XXXX-XXXX-XXXX-5888,Credit,RuPay,2022-06-15,2027-06-15,200000,77255.96,Active
CARD000444,ACC000238,CUST000214,XXXX-XXXX-XXXX-6489,Debit,Mastercard,2019-05-19,2024-05-19,0,0.0,Active
CARD000445,ACC000239,CUST000398,XXXX-XXXX-XXXX-9901,Debit,RuPay,2019-08-19,2024-08-19,0,0.0,Active
CARD000446,ACC000239,CUST000398,XXXX-XXXX-XXXX-5470,Credit,Visa,2020-04-24,2025-04-24,100000,40425.82,Active
CARD000447,ACC000240,CUST000397,XXXX-XXXX-XXXX-3662,Debit,RuPay,2021-09-29,2026-09-29,0,0.0,Active
CARD000448,ACC000240,CUST000397,XXXX-XXXX-XXXX-6523,Credit,Mastercard,2021-10-26,2026-10-26,200000,99396.26,Active
CARD000449,ACC000241,CUST000226,XXXX-XXXX-XXXX-4164,Debit,Visa,2021-05-09,2026-05-09,0,0.0,Active
CARD000450,ACC000241,CUST000226,XXXX-XXXX-XXXX-6372,Credit,Visa,2022-02-02,2027-02-02,500000,210553.56,Active
CARD000451,ACC000242,CUST000435,XXXX-XXXX-XXXX-4027,Debit,Visa,2020-07-22,2025-07-22,0,0.0,Active
CARD000452,ACC000242,CUST000435,XXXX-XXXX-XXXX-4858,Credit,Mastercard,2021-03-02,2026-03-02,100000,99521.89,Active
CARD000453,ACC000243,CUST000270,XXXX-XXXX-XXXX-6400,Debit,Mastercard,2024-03-27,2029-03-27,0,0.0,Active
CARD000454,ACC000243,CUST000270,XXXX-XXXX-XXXX-4871,Credit,Visa,2024-09-27,2029-09-27,50000,40845.64,Active
CARD000455,ACC000244,CUST000370,XXXX-XXXX-XXXX-6026,Debit,Visa,2022-01-01,2027-01-01,0,0.0,Active
CARD000456,ACC000245,CUST000153,XXXX-XXXX-XXXX-6095,Debit,RuPay,2022-05-20,2027-05-20,0,0.0,Active
CARD000457,ACC000245,CUST000153,XXXX-XXXX-XXXX-4590,Credit,Visa,2022-09-24,2027-09-24,200000,148543.85,Active
CARD000458,ACC000246,CUST000246,XXXX-XXXX-XXXX-7121,Debit,Mastercard,2022-02-08,2027-02-08,0,0.0,Active
CARD000459,ACC000246,CUST000246,XXXX-XXXX-XXXX-5054,Credit,RuPay,2022-06-15,2027-06-15,500000,234927.32,Active
CARD000460,ACC000247,CUST000203,XXXX-XXXX-XXXX-2341,Debit,RuPay,2020-09-18,2025-09-18,0,0.0,Active
CARD000461,ACC000248,CUST000474,XXXX-XXXX-XXXX-6927,Debit,Visa,2024-06-07,2029-06-07,0,0.0,Active
CARD000462,ACC000248,CUST000474,XXXX-XXXX-XXXX-9281,Credit,Visa,2025-03-22,2030-03-22,50000,47838.47,Active
CARD000463,ACC000249,CUST000357,XXXX-XXXX-XXXX-3695,Debit,Mastercard,2021-09-11,2026-09-11,0,0.0,Active
CARD000464,ACC000249,CUST000357,XXXX-XXXX-XXXX-9008,Credit,Visa,2022-01-20,2027-01-20,500000,459315.99,Active
CARD000465,ACC000250,CUST000120,XXXX-XXXX-XXXX-1911,Debit,Mastercard,2024-05-02,2029-05-02,0,0.0,Active
CARD000466,ACC000250,CUST000120,XXXX-XXXX-XXXX-8575,Credit,RuPay,2024-06-16,2029-06-16,500000,340120.53,Active
CARD000467,ACC000251,CUST000476,XXXX-XXXX-XXXX-1356,Debit,Mastercard,2024-05-25,2029-05-25,0,0.0,Active
CARD000468,ACC000251,CUST000476,XXXX-XXXX-XXXX-2196,Credit,Visa,2025-03-24,2030-03-24,50000,23896.84,Active
CARD000469,ACC000252,CUST000147,XXXX-XXXX-XXXX-2044,Debit,RuPay,2020-01-24,2025-01-24,0,0.0,Expired
CARD000470,ACC000252,CUST000147,XXXX-XXXX-XXXX-1519,Credit,Mastercard,2020-09-29,2025-09-29,50000,15485.2,Active
CARD000471,ACC000253,CUST000020,XXXX-XXXX-XXXX-3218,Debit,RuPay,2021-01-14,2026-01-14,0,0.0,Blocked
CARD000472,ACC000253,CUST000020,XXXX-XXXX-XXXX-8348,Credit,Mastercard,2021-08-03,2026-08-03,500000,368938.68,Active
CARD000473,ACC000254,CUST000480,XXXX-XXXX-XXXX-9835,Debit,Visa,2022-04-21,2027-04-21,0,0.0,Active
CARD000474,ACC000254,CUST000480,XXXX-XXXX-XXXX-7439,Credit,RuPay,2023-01-30,2028-01-30,200000,183391.36,Active
CARD000475,ACC000255,CUST000172,XXXX-XXXX-XXXX-1056,Debit,Visa,2024-11-24,2029-11-24,0,0.0,Blocked
CARD000476,ACC000255,CUST000172,XXXX-XXXX-XXXX-7948,Credit,RuPay,2025-09-21,2030-09-21,500000,264275.05,Active
CARD000477,ACC000256,CUST000140,XXXX-XXXX-XXXX-5055,Debit,Mastercard,2020-11-03,2025-11-03,0,0.0,Active
CARD000478,ACC000257,CUST000173,XXXX-XXXX-XXXX-4088,Debit,RuPay,2021-03-10,2026-03-10,0,0.0,Active
CARD000479,ACC000257,CUST000173,XXXX-XXXX-XXXX-1256,Credit,Visa,2021-11-01,2026-11-01,50000,21668.26,Active
CARD000480,ACC000258,CUST000219,XXXX-XXXX-XXXX-1550,Debit,Mastercard,2020-01-29,2025-01-29,0,0.0,Active
CARD000481,ACC000258,CUST000219,XXXX-XXXX-XXXX-7590,Credit,Mastercard,2020-03-18,2025-03-18,50000,41434.3,Active
CARD000482,ACC000259,CUST000004,XXXX-XXXX-XXXX-1924,Debit,Visa,2022-01-04,2027-01-04,0,0.0,Active
CARD000483,ACC000259,CUST000004,XXXX-XXXX-XXXX-6224,Credit,RuPay,2022-11-18,2027-11-18,200000,167217.39,Active
CARD000484,ACC000260,CUST000335,XXXX-XXXX-XXXX-6253,Debit,Visa,2020-05-20,2025-05-20,0,0.0,Active
CARD000485,ACC000260,CUST000335,XXXX-XXXX-XXXX-4621,Credit,Mastercard,2021-02-19,2026-02-19,100000,31001.31,Active
CARD000486,ACC000261,CUST000459,XXXX-XXXX-XXXX-3869,Debit,RuPay,2020-04-26,2025-04-26,0,0.0,Active
CARD000487,ACC000261,CUST000459,XXXX-XXXX-XXXX-7244,Credit,RuPay,2020-11-17,2025-11-17,500000,483590.57,Active
CARD000488,ACC000262,CUST000245,XXXX-XXXX-XXXX-7688,Debit,Visa,2023-03-24,2028-03-24,0,0.0,Active
CARD000489,ACC000262,CUST000245,XXXX-XXXX-XXXX-4948,Credit,Visa,2023-12-08,2028-12-08,100000,47190.87,Active
CARD000490,ACC000263,CUST000411,XXXX-XXXX-XXXX-3365,Debit,Mastercard,2021-11-01,2026-11-01,0,0.0,Active
CARD000491,ACC000263,CUST000411,XXXX-XXXX-XXXX-9683,Credit,Visa,2022-08-21,2027-08-21,500000,161274.83,Active
CARD000492,ACC000264,CUST000361,XXXX-XXXX-XXXX-4331,Debit,Mastercard,2020-04-12,2025-04-12,0,0.0,Active
CARD000493,ACC000264,CUST000361,XXXX-XXXX-XXXX-9775,Credit,RuPay,2020-06-20,2025-06-20,500000,203503.31,Active
CARD000494,ACC000265,CUST000275,XXXX-XXXX-XXXX-5398,Debit,Mastercard,2024-11-02,2029-11-02,0,0.0,Active
CARD000495,ACC000265,CUST000275,XXXX-XXXX-XXXX-4555,Credit,Mastercard,2025-03-07,2030-03-07,50000,19423.28,Active
CARD000496,ACC000266,CUST000047,XXXX-XXXX-XXXX-6455,Debit,Mastercard,2019-09-14,2024-09-14,0,0.0,Blocked
CARD000497,ACC000266,CUST000047,XXXX-XXXX-XXXX-2922,Credit,RuPay,2019-12-21,2024-12-21,50000,42586.73,Expired
CARD000498,ACC000267,CUST000287,XXXX-XXXX-XXXX-4974,Debit,RuPay,2019-04-15,2024-04-15,0,0.0,Active
CARD000499,ACC000267,CUST000287,XXXX-XXXX-XXXX-6269,Credit,Mastercard,2019-08-30,2024-08-30,100000,72235.76,Active
CARD000500,ACC000268,CUST000038,XXXX-XXXX-XXXX-6886,Debit,Mastercard,2019-10-06,2024-10-06,0,0.0,Active
CARD000501,ACC000269,CUST000479,XXXX-XXXX-XXXX-9147,Debit,Mastercard,2021-01-23,2026-01-23,0,0.0,Active
CARD000502,ACC000270,CUST000216,XXXX-XXXX-XXXX-8692,Debit,Mastercard,2024-02-04,2029-02-04,0,0.0,Active
CARD000503,ACC000270,CUST000216,XXXX-XXXX-XXXX-4625,Credit,RuPay,2024-03-05,2029-03-05,200000,156190.92,Active
CARD000504,ACC000271,CUST000277,XXXX-XXXX-XXXX-7841,Debit,Mastercard,2020-05-08,2025-05-08,0,0.0,Active
CARD000505,ACC000271,CUST000277,XXXX-XXXX-XXXX-5026,Credit,Mastercard,2021-03-17,2026-03-17,200000,167797.39,Active
CARD000506,ACC000272,CUST000115,XXXX-XXXX-XXXX-6530,Debit,Mastercard,2022-06-06,2027-06-06,0,0.0,Active
CARD000507,ACC000272,CUST000115,XXXX-XXXX-XXXX-9037,Credit,Mastercard,2023-04-30,2028-04-30,500000,161722.11,Active
CARD000508,ACC000273,CUST000422,XXXX-XXXX-XXXX-6770,Debit,Visa,2020-10-22,2025-10-22,0,0.0,Active
CARD000509,ACC000273,CUST000422,XXXX-XXXX-XXXX-1962,Credit,RuPay,2021-07-31,2026-07-31,500000,435583.28,Active
CARD000510,ACC000274,CUST000017,XXXX-XXXX-XXXX-2217,Debit,RuPay,2019-04-02,2024-04-02,0,0.0,Active
CARD000511,ACC000274,CUST000017,XXXX-XXXX-XXXX-4791,Credit,Visa,2020-02-21,2025-02-21,50000,35566.27,Active
CARD000512,ACC000275,CUST000307,XXXX-XXXX-XXXX-4583,Debit,RuPay,2021-09-29,2026-09-29,0,0.0,Active
CARD000513,ACC000275,CUST000307,XXXX-XXXX-XXXX-8916,Credit,RuPay,2022-09-09,2027-09-09,50000,28375.77,Active
CARD000514,ACC000276,CUST000443,XXXX-XXXX-XXXX-9719,Debit,RuPay,2022-03-30,2027-03-30,0,0.0,Active
CARD000515,ACC000276,CUST000443,XXXX-XXXX-XXXX-9777,Credit,Mastercard,2022-09-16,2027-09-16,50000,31470.38,Active
CARD000516,ACC000277,CUST000307,XXXX-XXXX-XXXX-8054,Debit,Visa,2021-09-23,2026-09-23,0,0.0,Active
CARD000517,ACC000278,CUST000212,XXXX-XXXX-XXXX-9591,Debit,Visa,2020-12-21,2025-12-21,0,0.0,Active
CARD000518,ACC000278,CUST000212,XXXX-XXXX-XXXX-7502,Credit,Visa,2021-06-02,2026-06-02,200000,85869.99,Active
CARD000519,ACC000279,CUST000330,XXXX-XXXX-XXXX-8520,Debit,RuPay,2022-08-10,2027-08-10,0,0.0,Active
CARD000520,ACC000279,CUST000330,XXXX-XXXX-XXXX-1519,Credit,Visa,2022-10-08,2027-10-08,100000,79001.78,Active
CARD000521,ACC000280,CUST000276,XXXX-XXXX-XXXX-8798,Debit,Visa,2022-05-28,2027-05-28,0,0.0,Active
CARD000522,ACC000280,CUST000276,XXXX-XXXX-XXXX-6427,Credit,RuPay,2023-01-23,2028-01-23,100000,94211.97,Blocked
CARD000523,ACC000281,CUST000496,XXXX-XXXX-XXXX-9653,Debit,Visa,2023-05-13,2028-05-13,0,0.0,Active
CARD000524,ACC000281,CUST000496,XXXX-XXXX-XXXX-5593,Credit,RuPay,2023-07-17,2028-07-17,500000,405116.73,Active
CARD000525,ACC000282,CUST000231,XXXX-XXXX-XXXX-3938,Debit,Mastercard,2021-02-20,2026-02-20,0,0.0,Active
CARD000526,ACC000282,CUST000231,XXXX-XXXX-XXXX-2260,Credit,Mastercard,2021-10-10,2026-10-10,100000,58907.47,Active
CARD000527,ACC000283,CUST000448,XXXX-XXXX-XXXX-7375,Debit,RuPay,2021-06-14,2026-06-14,0,0.0,Active
CARD000528,ACC000283,CUST000448,XXXX-XXXX-XXXX-2284,Credit,RuPay,2021-09-16,2026-09-16,200000,146261.53,Active
CARD000529,ACC000284,CUST000466,XXXX-XXXX-XXXX-1879,Debit,Visa,2020-05-06,2025-05-06,0,0.0,Active
CARD000530,ACC000284,CUST000466,XXXX-XXXX-XXXX-7499,Credit,Mastercard,2021-04-04,2026-04-04,50000,38079.25,Active
CARD000531,ACC000285,CUST000204,XXXX-XXXX-XXXX-8381,Debit,Mastercard,2022-03-13,2027-03-13,0,0.0,Active
CARD000532,ACC000285,CUST000204,XXXX-XXXX-XXXX-7227,Credit,Visa,2023-01-28,2028-01-28,500000,348853.22,Active
CARD000533,ACC000286,CUST000185,XXXX-XXXX-XXXX-5037,Debit,RuPay,2020-02-17,2025-02-17,0,0.0,Active
CARD000534,ACC000286,CUST000185,XXXX-XXXX-XXXX-3527,Credit,RuPay,2021-01-27,2026-01-27,200000,178409.07,Active
CARD000535,ACC000287,CUST000161,XXXX-XXXX-XXXX-2745,Debit,Visa,2021-07-06,2026-07-06,0,0.0,Active
CARD000536,ACC000287,CUST000161,XXXX-XXXX-XXXX-2674,Credit,Visa,2021-12-10,2026-12-10,200000,137736.98,Active
CARD000537,ACC000288,CUST000369,XXXX-XXXX-XXXX-8353,Debit,RuPay,2022-09-26,2027-09-26,0,0.0,Active
CARD000538,ACC000288,CUST000369,XXXX-XXXX-XXXX-6798,Credit,RuPay,2022-11-27,2027-11-27,500000,463847.48,Active
CARD000539,ACC000289,CUST000336,XXXX-XXXX-XXXX-6315,Debit,Mastercard,2024-07-13,2029-07-13,0,0.0,Active
CARD000540,ACC000289,CUST000336,XXXX-XXXX-XXXX-4977,Credit,RuPay,2024-09-05,2029-09-05,500000,364270.15,Active
CARD000541,ACC000290,CUST000072,XXXX-XXXX-XXXX-7237,Debit,Visa,2019-09-19,2024-09-19,0,0.0,Active
CARD000542,ACC000290,CUST000072,XXXX-XXXX-XXXX-2036,Credit,Visa,2019-12-11,2024-12-11,200000,162423.05,Active
CARD000543,ACC000291,CUST000343,XXXX-XXXX-XXXX-5911,Debit,Mastercard,2020-07-30,2025-07-30,0,0.0,Active
CARD000544,ACC000292,CUST000234,XXXX-XXXX-XXXX-5123,Debit,Visa,2024-06-13,2029-06-13,0,0.0,Active
CARD000545,ACC000292,CUST000234,XXXX-XXXX-XXXX-8501,Credit,Visa,2024-10-10,2029-10-10,500000,292167.76,Active
CARD000546,ACC000293,CUST000009,XXXX-XXXX-XXXX-7483,Debit,Mastercard,2022-03-20,2027-03-20,0,0.0,Active
CARD000547,ACC000293,CUST000009,XXXX-XXXX-XXXX-8212,Credit,Mastercard,2022-10-04,2027-10-04,500000,218573.24,Active
CARD000548,ACC000294,CUST000482,XXXX-XXXX-XXXX-3230,Debit,Mastercard,2020-02-25,2025-02-25,0,0.0,Active
CARD000549,ACC000294,CUST000482,XXXX-XXXX-XXXX-7524,Credit,Mastercard,2020-05-29,2025-05-29,100000,66469.32,Active
CARD000550,ACC000295,CUST000418,XXXX-XXXX-XXXX-9044,Debit,RuPay,2019-12-12,2024-12-12,0,0.0,Active
CARD000551,ACC000295,CUST000418,XXXX-XXXX-XXXX-6980,Credit,Visa,2020-07-08,2025-07-08,200000,147352.26,Active
CARD000552,ACC000296,CUST000357,XXXX-XXXX-XXXX-9939,Debit,Visa,2019-12-03,2024-12-03,0,0.0,Active
CARD000553,ACC000296,CUST000357,XXXX-XXXX-XXXX-4434,Credit,Mastercard,2020-08-19,2025-08-19,50000,16644.84,Active
CARD000554,ACC000297,CUST000029,XXXX-XXXX-XXXX-2133,Debit,Mastercard,2019-12-31,2024-12-31,0,0.0,Active
CARD000555,ACC000297,CUST000029,XXXX-XXXX-XXXX-5139,Credit,RuPay,2020-05-06,2025-05-06,100000,55666.48,Active
CARD000556,ACC000298,CUST000440,XXXX-XXXX-XXXX-7176,Debit,Visa,2019-07-07,2024-07-07,0,0.0,Active
CARD000557,ACC000298,CUST000440,XXXX-XXXX-XXXX-9300,Credit,RuPay,2020-04-22,2025-04-22,500000,296214.59,Active
CARD000558,ACC000299,CUST000244,XXXX-XXXX-XXXX-6890,Debit,RuPay,2022-02-23,2027-02-23,0,0.0,Active
CARD000559,ACC000299,CUST000244,XXXX-XXXX-XXXX-6816,Credit,Visa,2022-07-29,2027-07-29,50000,46172.07,Active
CARD000560,ACC000300,CUST000162,XXXX-XXXX-XXXX-7547,Debit,Mastercard,2020-08-14,2025-08-14,0,0.0,Blocked
CARD000561,ACC000301,CUST000291,XXXX-XXXX-XXXX-2735,Debit,Visa,2022-10-03,2027-10-03,0,0.0,Active
CARD000562,ACC000301,CUST000291,XXXX-XXXX-XXXX-4621,Credit,Mastercard,2023-07-12,2028-07-12,100000,64252.66,Active
CARD000563,ACC000302,CUST000371,XXXX-XXXX-XXXX-9199,Debit,Visa,2022-12-01,2027-12-01,0,0.0,Active
CARD000564,ACC000302,CUST000371,XXXX-XXXX-XXXX-7815,Credit,Visa,2023-05-17,2028-05-17,50000,33103.01,Active
CARD000565,ACC000303,CUST000310,XXXX-XXXX-XXXX-3321,Debit,Mastercard,2023-07-13,2028-07-13,0,0.0,Active
CARD000566,ACC000303,CUST000310,XXXX-XXXX-XXXX-8912,Credit,Mastercard,2024-04-04,2029-04-04,500000,225505.5,Active
CARD000567,ACC000304,CUST000252,XXXX-XXXX-XXXX-8412,Debit,Mastercard,2023-04-01,2028-04-01,0,0.0,Active
CARD000568,ACC000304,CUST000252,XXXX-XXXX-XXXX-1370,Credit,Mastercard,2023-06-14,2028-06-14,50000,21643.49,Active
CARD000569,ACC000305,CUST000396,XXXX-XXXX-XXXX-3692,Debit,RuPay,2019-11-19,2024-11-19,0,0.0,Active
CARD000570,ACC000305,CUST000396,XXXX-XXXX-XXXX-7985,Credit,Mastercard,2020-05-15,2025-05-15,100000,61366.28,Active
CARD000571,ACC000306,CUST000079,XXXX-XXXX-XXXX-4022,Debit,Visa,2020-03-24,2025-03-24,0,0.0,Active
CARD000572,ACC000306,CUST000079,XXXX-XXXX-XXXX-4232,Credit,Mastercard,2021-02-19,2026-02-19,500000,361546.17,Active
CARD000573,ACC000307,CUST000139,XXXX-XXXX-XXXX-1072,Debit,RuPay,2023-11-13,2028-11-13,0,0.0,Active
CARD000574,ACC000308,CUST000046,XXXX-XXXX-XXXX-2025,Debit,RuPay,2022-08-29,2027-08-29,0,0.0,Active
CARD000575,ACC000308,CUST000046,XXXX-XXXX-XXXX-8496,Credit,Visa,2022-12-29,2027-12-29,100000,74394.49,Active
CARD000576,ACC000309,CUST000372,XXXX-XXXX-XXXX-9019,Debit,RuPay,2021-10-18,2026-10-18,0,0.0,Blocked
CARD000577,ACC000309,CUST000372,XXXX-XXXX-XXXX-7431,Credit,RuPay,2022-08-29,2027-08-29,200000,116424.08,Active
CARD000578,ACC000310,CUST000138,XXXX-XXXX-XXXX-8501,Debit,RuPay,2019-09-28,2024-09-28,0,0.0,Active
CARD000579,ACC000310,CUST000138,XXXX-XXXX-XXXX-2388,Credit,RuPay,2020-08-14,2025-08-14,200000,71384.44,Active
CARD000580,ACC000311,CUST000040,XXXX-XXXX-XXXX-4908,Debit,Mastercard,2024-07-26,2029-07-26,0,0.0,Active
CARD000581,ACC000311,CUST000040,XXXX-XXXX-XXXX-7364,Credit,Mastercard,2025-05-10,2030-05-10,200000,102918.88,Active
CARD000582,ACC000312,CUST000004,XXXX-XXXX-XXXX-7286,Debit,Mastercard,2023-04-24,2028-04-24,0,0.0,Active
CARD000583,ACC000312,CUST000004,XXXX-XXXX-XXXX-5732,Credit,Visa,2024-01-11,2029-01-11,100000,61156.12,Active
CARD000584,ACC000313,CUST000334,XXXX-XXXX-XXXX-8389,Debit,RuPay,2022-09-01,2027-09-01,0,0.0,Active
CARD000585,ACC000313,CUST000334,XXXX-XXXX-XXXX-3236,Credit,Visa,2023-05-11,2028-05-11,200000,66742.13,Active
CARD000586,ACC000314,CUST000494,XXXX-XXXX-XXXX-9281,Debit,RuPay,2024-08-03,2029-08-03,0,0.0,Active
CARD000587,ACC000314,CUST000494,XXXX-XXXX-XXXX-9006,Credit,Visa,2025-03-18,2030-03-18,500000,354529.35,Active
CARD000588,ACC000315,CUST000403,XXXX-XXXX-XXXX-4613,Debit,Mastercard,2021-03-29,2026-03-29,0,0.0,Active
CARD000589,ACC000315,CUST000403,XXXX-XXXX-XXXX-8492,Credit,RuPay,2021-07-23,2026-07-23,100000,62367.4,Active
CARD000590,ACC000316,CUST000014,XXXX-XXXX-XXXX-9115,Debit,RuPay,2021-06-01,2026-06-01,0,0.0,Active
CARD000591,ACC000316,CUST000014,XXXX-XXXX-XXXX-7010,Credit,RuPay,2022-03-12,2027-03-12,50000,40623.89,Active
CARD000592,ACC000317,CUST000435,XXXX-XXXX-XXXX-8231,Debit,RuPay,2024-08-08,2029-08-08,0,0.0,Active
CARD000593,ACC000317,CUST000435,XXXX-XXXX-XXXX-5055,Credit,Mastercard,2025-08-06,2030-08-06,500000,464154.25,Active
CARD000594,ACC000318,CUST000367,XXXX-XXXX-XXXX-8368,Debit,Mastercard,2024-01-15,2029-01-15,0,0.0,Active
CARD000595,ACC000318,CUST000367,XXXX-XXXX-XXXX-4882,Credit,Visa,2024-04-13,2029-04-13,50000,34632.55,Active
CARD000596,ACC000319,CUST000472,XXXX-XXXX-XXXX-6744,Debit,RuPay,2019-06-18,2024-06-18,0,0.0,Active
CARD000597,ACC000319,CUST000472,XXXX-XXXX-XXXX-4385,Credit,Visa,2019-09-09,2024-09-09,500000,441906.43,Active
CARD000598,ACC000320,CUST000469,XXXX-XXXX-XXXX-6747,Debit,RuPay,2023-01-12,2028-01-12,0,0.0,Active
CARD000599,ACC000320,CUST000469,XXXX-XXXX-XXXX-5740,Credit,RuPay,2023-06-22,2028-06-22,100000,77344.25,Active
CARD000600,ACC000321,CUST000347,XXXX-XXXX-XXXX-9428,Debit,RuPay,2022-10-17,2027-10-17,0,0.0,Active
CARD000601,ACC000321,CUST000347,XXXX-XXXX-XXXX-1971,Credit,Mastercard,2023-05-18,2028-05-18,100000,32605.96,Active
CARD000602,ACC000322,CUST000383,XXXX-XXXX-XXXX-3174,Debit,Visa,2021-06-28,2026-06-28,0,0.0,Active
CARD000603,ACC000322,CUST000383,XXXX-XXXX-XXXX-9019,Credit,Visa,2022-02-10,2027-02-10,200000,84012.55,Active
CARD000604,ACC000323,CUST000354,XXXX-XXXX-XXXX-7786,Debit,Mastercard,2019-04-19,2024-04-19,0,0.0,Active
CARD000605,ACC000323,CUST000354,XXXX-XXXX-XXXX-7046,Credit,Mastercard,2019-09-30,2024-09-30,50000,35900.22,Blocked
CARD000606,ACC000324,CUST000060,XXXX-XXXX-XXXX-1040,Debit,RuPay,2022-12-07,2027-12-07,0,0.0,Active
CARD000607,ACC000324,CUST000060,XXXX-XXXX-XXXX-2037,Credit,RuPay,2023-06-28,2028-06-28,500000,277805.81,Active
CARD000608,ACC000325,CUST000179,XXXX-XXXX-XXXX-8039,Debit,Visa,2024-02-27,2029-02-27,0,0.0,Active
CARD000609,ACC000325,CUST000179,XXXX-XXXX-XXXX-9967,Credit,RuPay,2024-08-17,2029-08-17,200000,84031.89,Active
CARD000610,ACC000326,CUST000012,XXXX-XXXX-XXXX-8951,Debit,Mastercard,2020-12-01,2025-12-01,0,0.0,Active
CARD000611,ACC000326,CUST000012,XXXX-XXXX-XXXX-8529,Credit,Visa,2021-10-20,2026-10-20,50000,48392.0,Active
CARD000612,ACC000327,CUST000219,XXXX-XXXX-XXXX-3588,Debit,Mastercard,2023-08-14,2028-08-14,0,0.0,Active
CARD000613,ACC000327,CUST000219,XXXX-XXXX-XXXX-5945,Credit,Visa,2023-10-23,2028-10-23,500000,429188.63,Active
CARD000614,ACC000328,CUST000378,XXXX-XXXX-XXXX-5489,Debit,Visa,2023-11-23,2028-11-23,0,0.0,Active
CARD000615,ACC000328,CUST000378,XXXX-XXXX-XXXX-3711,Credit,Visa,2024-10-22,2029-10-22,200000,188461.13,Active
CARD000616,ACC000329,CUST000361,XXXX-XXXX-XXXX-4836,Debit,Mastercard,2020-03-01,2025-03-01,0,0.0,Active
CARD000617,ACC000329,CUST000361,XXXX-XXXX-XXXX-2276,Credit,Visa,2020-11-21,2025-11-21,50000,49961.98,Active
CARD000618,ACC000330,CUST000135,XXXX-XXXX-XXXX-8291,Debit,Visa,2022-07-23,2027-07-23,0,0.0,Active
CARD000619,ACC000330,CUST000135,XXXX-XXXX-XXXX-3165,Credit,Mastercard,2023-03-10,2028-03-10,200000,85604.74,Active
CARD000620,ACC000331,CUST000181,XXXX-XXXX-XXXX-2463,Debit,RuPay,2022-05-15,2027-05-15,0,0.0,Active
CARD000621,ACC000331,CUST000181,XXXX-XXXX-XXXX-3246,Credit,Mastercard,2022-11-02,2027-11-02,50000,39032.7,Active
CARD000622,ACC000332,CUST000123,XXXX-XXXX-XXXX-3181,Debit,RuPay,2020-08-26,2025-08-26,0,0.0,Expired
CARD000623,ACC000332,CUST000123,XXXX-XXXX-XXXX-1138,Credit,RuPay,2021-06-16,2026-06-16,100000,95211.19,Active
CARD000624,ACC000333,CUST000217,XXXX-XXXX-XXXX-6753,Debit,RuPay,2020-12-24,2025-12-24,0,0.0,Active
CARD000625,ACC000333,CUST000217,XXXX-XXXX-XXXX-8248,Credit,Visa,2021-11-20,2026-11-20,100000,35607.41,Active
CARD000626,ACC000334,CUST000432,XXXX-XXXX-XXXX-3293,Debit,Visa,2023-01-13,2028-01-13,0,0.0,Active
CARD000627,ACC000334,CUST000432,XXXX-XXXX-XXXX-6152,Credit,Visa,2023-09-16,2028-09-16,500000,376962.53,Active
CARD000628,ACC000335,CUST000288,XXXX-XXXX-XXXX-2380,Debit,Visa,2024-07-27,2029-07-27,0,0.0,Active
CARD000629,ACC000335,CUST000288,XXXX-XXXX-XXXX-5942,Credit,Visa,2024-08-19,2029-08-19,200000,90944.25,Active
CARD000630,ACC000336,CUST000290,XXXX-XXXX-XXXX-4090,Debit,RuPay,2022-04-27,2027-04-27,0,0.0,Active
CARD000631,ACC000336,CUST000290,XXXX-XXXX-XXXX-9108,Credit,Mastercard,2022-09-10,2027-09-10,50000,22566.94,Active
CARD000632,ACC000337,CUST000235,XXXX-XXXX-XXXX-2163,Debit,RuPay,2024-08-05,2029-08-05,0,0.0,Active
CARD000633,ACC000337,CUST000235,XXXX-XXXX-XXXX-3162,Credit,Mastercard,2025-01-29,2030-01-29,50000,15459.11,Active
CARD000634,ACC000338,CUST000279,XXXX-XXXX-XXXX-7895,Debit,Mastercard,2019-07-08,2024-07-08,0,0.0,Active
CARD000635,ACC000339,CUST000425,XXXX-XXXX-XXXX-8717,Debit,Visa,2019-05-18,2024-05-18,0,0.0,Active
CARD000636,ACC000339,CUST000425,XXXX-XXXX-XXXX-1652,Credit,Visa,2019-09-30,2024-09-30,50000,49517.23,Blocked
CARD000637,ACC000340,CUST000444,XXXX-XXXX-XXXX-9300,Debit,Mastercard,2021-09-09,2026-09-09,0,0.0,Active
CARD000638,ACC000340,CUST000444,XXXX-XXXX-XXXX-2350,Credit,RuPay,2022-04-20,2027-04-20,500000,351748.67,Active
CARD000639,ACC000341,CUST000364,XXXX-XXXX-XXXX-3501,Debit,Mastercard,2020-08-12,2025-08-12,0,0.0,Active
CARD000640,ACC000341,CUST000364,XXXX-XXXX-XXXX-3545,Credit,RuPay,2020-12-05,2025-12-05,50000,32104.34,Active
CARD000641,ACC000342,CUST000273,XXXX-XXXX-XXXX-2083,Debit,Mastercard,2022-09-05,2027-09-05,0,0.0,Active
CARD000642,ACC000342,CUST000273,XXXX-XXXX-XXXX-8118,Credit,Visa,2022-10-31,2027-10-31,100000,95946.58,Active
CARD000643,ACC000343,CUST000461,XXXX-XXXX-XXXX-1901,Debit,Mastercard,2023-09-01,2028-09-01,0,0.0,Active
CARD000644,ACC000343,CUST000461,XXXX-XXXX-XXXX-1185,Credit,Visa,2023-11-21,2028-11-21,100000,91638.99,Active
CARD000645,ACC000344,CUST000444,XXXX-XXXX-XXXX-9568,Debit,RuPay,2022-08-23,2027-08-23,0,0.0,Active
CARD000646,ACC000345,CUST000296,XXXX-XXXX-XXXX-5247,Debit,Visa,2023-04-09,2028-04-09,0,0.0,Active
CARD000647,ACC000345,CUST000296,XXXX-XXXX-XXXX-1480,Credit,Mastercard,2023-06-15,2028-06-15,200000,97388.98,Active
CARD000648,ACC000346,CUST000207,XXXX-XXXX-XXXX-9582,Debit,Visa,2023-02-28,2028-02-28,0,0.0,Active
CARD000649,ACC000346,CUST000207,XXXX-XXXX-XXXX-6900,Credit,Visa,2023-12-08,2028-12-08,50000,32634.84,Active
CARD000650,ACC000347,CUST000397,XXXX-XXXX-XXXX-3734,Debit,Mastercard,2024-03-10,2029-03-10,0,0.0,Active
CARD000651,ACC000347,CUST000397,XXXX-XXXX-XXXX-4742,Credit,RuPay,2024-05-20,2029-05-20,50000,18700.61,Active
CARD000652,ACC000348,CUST000496,XXXX-XXXX-XXXX-1201,Debit,Visa,2022-01-05,2027-01-05,0,0.0,Active
CARD000653,ACC000348,CUST000496,XXXX-XXXX-XXXX-3932,Credit,Visa,2022-04-20,2027-04-20,200000,146382.87,Active
CARD000654,ACC000349,CUST000290,XXXX-XXXX-XXXX-7870,Debit,Visa,2019-08-16,2024-08-16,0,0.0,Active
CARD000655,ACC000349,CUST000290,XXXX-XXXX-XXXX-5444,Credit,Visa,2020-01-27,2025-01-27,500000,179450.83,Active
CARD000656,ACC000350,CUST000064,XXXX-XXXX-XXXX-9225,Debit,RuPay,2024-02-16,2029-02-16,0,0.0,Active
CARD000657,ACC000350,CUST000064,XXXX-XXXX-XXXX-1752,Credit,Mastercard,2024-12-03,2029-12-03,100000,84377.05,Active
CARD000658,ACC000351,CUST000466,XXXX-XXXX-XXXX-5625,Debit,Mastercard,2020-10-27,2025-10-27,0,0.0,Active
CARD000659,ACC000351,CUST000466,XXXX-XXXX-XXXX-5777,Credit,RuPay,2021-02-22,2026-02-22,500000,497210.79,Active
CARD000660,ACC000352,CUST000341,XXXX-XXXX-XXXX-4974,Debit,Mastercard,2023-07-05,2028-07-05,0,0.0,Active
CARD000661,ACC000352,CUST000341,XXXX-XXXX-XXXX-9954,Credit,Visa,2023-10-20,2028-10-20,500000,150774.51,Active
CARD000662,ACC000353,CUST000047,XXXX-XXXX-XXXX-7718,Debit,Visa,2024-06-05,2029-06-05,0,0.0,Active
CARD000663,ACC000353,CUST000047,XXXX-XXXX-XXXX-6488,Credit,Visa,2024-06-10,2029-06-10,200000,110968.14,Active
CARD000664,ACC000354,CUST000005,XXXX-XXXX-XXXX-6038,Debit,Visa,2020-05-20,2025-05-20,0,0.0,Active
CARD000665,ACC000355,CUST000046,XXXX-XXXX-XXXX-7878,Debit,Mastercard,2022-07-14,2027-07-14,0,0.0,Blocked
CARD000666,ACC000355,CUST000046,XXXX-XXXX-XXXX-1719,Credit,Visa,2022-09-22,2027-09-22,100000,50184.33,Active
CARD000667,ACC000356,CUST000386,XXXX-XXXX-XXXX-7767,Debit,RuPay,2020-08-24,2025-08-24,0,0.0,Active
CARD000668,ACC000356,CUST000386,XXXX-XXXX-XXXX-2565,Credit,RuPay,2020-10-20,2025-10-20,500000,158905.82,Active
CARD000669,ACC000357,CUST000226,XXXX-XXXX-XXXX-7461,Debit,Visa,2020-10-08,2025-10-08,0,0.0,Active
CARD000670,ACC000357,CUST000226,XXXX-XXXX-XXXX-4879,Credit,Mastercard,2020-12-17,2025-12-17,50000,34775.6,Active
CARD000671,ACC000358,CUST000460,XXXX-XXXX-XXXX-7438,Debit,RuPay,2023-05-02,2028-05-02,0,0.0,Active
CARD000672,ACC000358,CUST000460,XXXX-XXXX-XXXX-4827,Credit,Visa,2023-10-08,2028-10-08,200000,155471.92,Blocked
CARD000673,ACC000359,CUST000142,XXXX-XXXX-XXXX-2785,Debit,Visa,2022-03-17,2027-03-17,0,0.0,Active
CARD000674,ACC000359,CUST000142,XXXX-XXXX-XXXX-2978,Credit,RuPay,2022-11-06,2027-11-06,500000,336880.71,Active
CARD000675,ACC000360,CUST000266,XXXX-XXXX-XXXX-4401,Debit,Mastercard,2023-06-17,2028-06-17,0,0.0,Active
CARD000676,ACC000360,CUST000266,XXXX-XXXX-XXXX-3582,Credit,RuPay,2023-08-08,2028-08-08,200000,80652.49,Active
CARD000677,ACC000361,CUST000123,XXXX-XXXX-XXXX-1660,Debit,Visa,2024-08-30,2029-08-30,0,0.0,Active
CARD000678,ACC000361,CUST000123,XXXX-XXXX-XXXX-6828,Credit,Mastercard,2025-01-12,2030-01-12,200000,179234.67,Active
CARD000679,ACC000362,CUST000185,XXXX-XXXX-XXXX-5896,Debit,Mastercard,2023-10-11,2028-10-11,0,0.0,Active
CARD000680,ACC000362,CUST000185,XXXX-XXXX-XXXX-8408,Credit,RuPay,2024-05-14,2029-05-14,100000,97824.25,Active
CARD000681,ACC000363,CUST000395,XXXX-XXXX-XXXX-2551,Debit,Mastercard,2019-03-05,2024-03-05,0,0.0,Active
CARD000682,ACC000364,CUST000204,XXXX-XXXX-XXXX-3290,Debit,Visa,2024-09-08,2029-09-08,0,0.0,Active
CARD000683,ACC000364,CUST000204,XXXX-XXXX-XXXX-7098,Credit,RuPay,2025-04-06,2030-04-06,100000,90849.93,Active
CARD000684,ACC000365,CUST000276,XXXX-XXXX-XXXX-2376,Debit,RuPay,2022-07-13,2027-07-13,0,0.0,Active
CARD000685,ACC000365,CUST000276,XXXX-XXXX-XXXX-4239,Credit,RuPay,2022-08-25,2027-08-25,50000,49236.99,Active
CARD000686,ACC000366,CUST000275,XXXX-XXXX-XXXX-2506,Debit,Mastercard,2019-10-02,2024-10-02,0,0.0,Active
CARD000687,ACC000366,CUST000275,XXXX-XXXX-XXXX-8096,Credit,RuPay,2020-08-16,2025-08-16,500000,482276.8,Active
CARD000688,ACC000367,CUST000030,XXXX-XXXX-XXXX-7270,Debit,RuPay,2020-04-20,2025-04-20,0,0.0,Active
CARD000689,ACC000367,CUST000030,XXXX-XXXX-XXXX-5505,Credit,Mastercard,2020-08-23,2025-08-23,200000,169939.75,Active
CARD000690,ACC000368,CUST000337,XXXX-XXXX-XXXX-1567,Debit,RuPay,2020-07-20,2025-07-20,0,0.0,Active
CARD000691,ACC000369,CUST000401,XXXX-XXXX-XXXX-5835,Debit,Mastercard,2023-03-11,2028-03-11,0,0.0,Active
CARD000692,ACC000369,CUST000401,XXXX-XXXX-XXXX-7275,Credit,Visa,2023-08-24,2028-08-24,500000,478657.33,Active
CARD000693,ACC000370,CUST000061,XXXX-XXXX-XXXX-9614,Debit,Visa,2023-11-14,2028-11-14,0,0.0,Active
CARD000694,ACC000370,CUST000061,XXXX-XXXX-XXXX-8859,Credit,RuPay,2024-05-25,2029-05-25,50000,15370.87,Active
CARD000695,ACC000371,CUST000322,XXXX-XXXX-XXXX-9231,Debit,Mastercard,2023-01-26,2028-01-26,0,0.0,Active
CARD000696,ACC000371,CUST000322,XXXX-XXXX-XXXX-4588,Credit,Visa,2023-12-16,2028-12-16,100000,98175.59,Active
CARD000697,ACC000372,CUST000131,XXXX-XXXX-XXXX-5602,Debit,Visa,2020-05-11,2025-05-11,0,0.0,Active
CARD000698,ACC000372,CUST000131,XXXX-XXXX-XXXX-4813,Credit,Visa,2021-03-12,2026-03-12,500000,314698.7,Active
CARD000699,ACC000373,CUST000007,XXXX-XXXX-XXXX-4951,Debit,Mastercard,2023-05-09,2028-05-09,0,0.0,Active
CARD000700,ACC000374,CUST000412,XXXX-XXXX-XXXX-1916,Debit,Visa,2023-10-09,2028-10-09,0,0.0,Active
CARD000701,ACC000374,CUST000412,XXXX-XXXX-XXXX-3885,Credit,Visa,2024-01-10,2029-01-10,500000,375818.38,Active
CARD000702,ACC000375,CUST000139,XXXX-XXXX-XXXX-6878,Debit,RuPay,2020-05-29,2025-05-29,0,0.0,Active
CARD000703,ACC000375,CUST000139,XXXX-XXXX-XXXX-3328,Credit,RuPay,2021-03-18,2026-03-18,200000,67341.78,Blocked
CARD000704,ACC000376,CUST000265,XXXX-XXXX-XXXX-9064,Debit,RuPay,2019-11-05,2024-11-05,0,0.0,Active
CARD000705,ACC000376,CUST000265,XXXX-XXXX-XXXX-4811,Credit,RuPay,2019-12-07,2024-12-07,500000,486712.69,Active
CARD000706,ACC000377,CUST000045,XXXX-XXXX-XXXX-8831,Debit,Visa,2021-04-17,2026-04-17,0,0.0,Active
CARD000707,ACC000377,CUST000045,XXXX-XXXX-XXXX-3907,Credit,Mastercard,2021-10-22,2026-10-22,100000,43548.82,Active
CARD000708,ACC000378,CUST000238,XXXX-XXXX-XXXX-3320,Debit,Visa,2021-03-15,2026-03-15,0,0.0,Active
CARD000709,ACC000378,CUST000238,XXXX-XXXX-XXXX-7481,Credit,RuPay,2021-10-18,2026-10-18,200000,65521.77,Active
CARD000710,ACC000379,CUST000210,XXXX-XXXX-XXXX-6285,Debit,Visa,2019-02-18,2024-02-18,0,0.0,Blocked
CARD000711,ACC000379,CUST000210,XXXX-XXXX-XXXX-6198,Credit,Visa,2019-11-15,2024-11-15,500000,222855.12,Active
CARD000712,ACC000380,CUST000373,XXXX-XXXX-XXXX-6846,Debit,Visa,2021-09-19,2026-09-19,0,0.0,Active
CARD000713,ACC000380,CUST000373,XXXX-XXXX-XXXX-3086,Credit,Visa,2022-03-01,2027-03-01,100000,73513.11,Active
CARD000714,ACC000381,CUST000365,XXXX-XXXX-XXXX-7415,Debit,RuPay,2021-09-05,2026-09-05,0,0.0,Active
CARD000715,ACC000381,CUST000365,XXXX-XXXX-XXXX-4619,Credit,RuPay,2022-07-15,2027-07-15,200000,71054.65,Active
CARD000716,ACC000382,CUST000383,XXXX-XXXX-XXXX-9129,Debit,Visa,2020-07-29,2025-07-29,0,0.0,Active
CARD000717,ACC000383,CUST000494,XXXX-XXXX-XXXX-4899,Debit,Mastercard,2022-07-16,2027-07-16,0,0.0,Expired
CARD000718,ACC000383,CUST000494,XXXX-XXXX-XXXX-6500,Credit,Mastercard,2022-09-27,2027-09-27,100000,55466.93,Active
CARD000719,ACC000384,CUST000140,XXXX-XXXX-XXXX-5088,Debit,RuPay,2020-07-17,2025-07-17,0,0.0,Active
CARD000720,ACC000384,CUST000140,XXXX-XXXX-XXXX-1788,Credit,Mastercard,2020-08-10,2025-08-10,200000,89817.2,Active
CARD000721,ACC000385,CUST000161,XXXX-XXXX-XXXX-3725,Debit,Mastercard,2021-05-13,2026-05-13,0,0.0,Active
CARD000722,ACC000385,CUST000161,XXXX-XXXX-XXXX-2661,Credit,Mastercard,2021-12-08,2026-12-08,500000,377069.09,Active
CARD000723,ACC000386,CUST000081,XXXX-XXXX-XXXX-4695,Debit,Visa,2019-07-03,2024-07-03,0,0.0,Active
CARD000724,ACC000386,CUST000081,XXXX-XXXX-XXXX-5278,Credit,Visa,2019-12-25,2024-12-25,50000,39678.2,Active
CARD000725,ACC000387,CUST000128,XXXX-XXXX-XXXX-7151,Debit,Visa,2019-07-25,2024-07-25,0,0.0,Active
CARD000726,ACC000388,CUST000208,XXXX-XXXX-XXXX-2525,Debit,Mastercard,2021-11-06,2026-11-06,0,0.0,Active
CARD000727,ACC000388,CUST000208,XXXX-XXXX-XXXX-3703,Credit,RuPay,2022-06-27,2027-06-27,500000,253423.37,Active
CARD000728,ACC000389,CUST000007,XXXX-XXXX-XXXX-1877,Debit,Visa,2021-07-04,2026-07-04,0,0.0,Active
CARD000729,ACC000389,CUST000007,XXXX-XXXX-XXXX-9849,Credit,Mastercard,2022-05-08,2027-05-08,100000,71350.41,Active
CARD000730,ACC000390,CUST000481,XXXX-XXXX-XXXX-4891,Debit,Visa,2021-12-05,2026-12-05,0,0.0,Active
CARD000731,ACC000390,CUST000481,XXXX-XXXX-XXXX-1062,Credit,Mastercard,2022-06-28,2027-06-28,500000,446243.52,Active
CARD000732,ACC000391,CUST000228,XXXX-XXXX-XXXX-8869,Debit,Visa,2022-10-16,2027-10-16,0,0.0,Active
CARD000733,ACC000391,CUST000228,XXXX-XXXX-XXXX-2342,Credit,Mastercard,2023-03-18,2028-03-18,100000,88041.75,Active
CARD000734,ACC000392,CUST000294,XXXX-XXXX-XXXX-7512,Debit,Mastercard,2024-08-03,2029-08-03,0,0.0,Active
CARD000735,ACC000392,CUST000294,XXXX-XXXX-XXXX-7349,Credit,Visa,2025-05-29,2030-05-29,200000,187240.84,Active
CARD000736,ACC000393,CUST000466,XXXX-XXXX-XXXX-7052,Debit,Visa,2020-09-12,2025-09-12,0,0.0,Active
CARD000737,ACC000393,CUST000466,XXXX-XXXX-XXXX-4706,Credit,Mastercard,2021-02-11,2026-02-11,200000,138436.34,Active
CARD000738,ACC000394,CUST000256,XXXX-XXXX-XXXX-2584,Debit,Visa,2019-09-11,2024-09-11,0,0.0,Active
CARD000739,ACC000394,CUST000256,XXXX-XXXX-XXXX-4727,Credit,RuPay,2020-08-03,2025-08-03,500000,160253.06,Active
CARD000740,ACC000395,CUST000453,XXXX-XXXX-XXXX-9561,Debit,Mastercard,2019-04-02,2024-04-02,0,0.0,Blocked
CARD000741,ACC000395,CUST000453,XXXX-XXXX-XXXX-8803,Credit,Mastercard,2019-08-18,2024-08-18,500000,299550.0,Active
CARD000742,ACC000396,CUST000249,XXXX-XXXX-XXXX-1568,Debit,RuPay,2022-09-07,2027-09-07,0,0.0,Active
CARD000743,ACC000396,CUST000249,XXXX-XXXX-XXXX-3832,Credit,Visa,2023-04-26,2028-04-26,100000,91580.27,Blocked
CARD000744,ACC000397,CUST000016,XXXX-XXXX-XXXX-4157,Debit,Visa,2019-09-22,2024-09-22,0,0.0,Active
CARD000745,ACC000397,CUST000016,XXXX-XXXX-XXXX-4308,Credit,RuPay,2020-05-06,2025-05-06,50000,15410.2,Active
CARD000746,ACC000398,CUST000499,XXXX-XXXX-XXXX-5225,Debit,Mastercard,2021-10-03,2026-10-03,0,0.0,Active
CARD000747,ACC000398,CUST000499,XXXX-XXXX-XXXX-7510,Credit,RuPay,2022-07-25,2027-07-25,50000,46954.04,Active
CARD000748,ACC000399,CUST000392,XXXX-XXXX-XXXX-9514,Debit,Mastercard,2023-05-18,2028-05-18,0,0.0,Active
CARD000749,ACC000400,CUST000122,XXXX-XXXX-XXXX-9561,Debit,Mastercard,2023-01-09,2028-01-09,0,0.0,Active
CARD000750,ACC000400,CUST000122,XXXX-XXXX-XXXX-2641,Credit,Visa,2023-12-06,2028-12-06,100000,89626.02,Active
CARD000751,ACC000401,CUST000289,XXXX-XXXX-XXXX-5687,Debit,RuPay,2024-07-12,2029-07-12,0,0.0,Active
CARD000752,ACC000401,CUST000289,XXXX-XXXX-XXXX-8955,Credit,RuPay,2025-07-09,2030-07-09,500000,407552.18,Active
CARD000753,ACC000402,CUST000120,XXXX-XXXX-XXXX-3821,Debit,Mastercard,2024-05-12,2029-05-12,0,0.0,Active
CARD000754,ACC000402,CUST000120,XXXX-XXXX-XXXX-4892,Credit,Visa,2024-11-26,2029-11-26,500000,486426.11,Active
CARD000755,ACC000403,CUST000175,XXXX-XXXX-XXXX-5400,Debit,Mastercard,2022-09-16,2027-09-16,0,0.0,Active
CARD000756,ACC000403,CUST000175,XXXX-XXXX-XXXX-2609,Credit,Visa,2023-05-26,2028-05-26,200000,156467.1,Active
CARD000757,ACC000404,CUST000397,XXXX-XXXX-XXXX-8259,Debit,Mastercard,2023-02-26,2028-02-26,0,0.0,Active
CARD000758,ACC000405,CUST000052,XXXX-XXXX-XXXX-2462,Debit,Visa,2020-10-20,2025-10-20,0,0.0,Active
CARD000759,ACC000406,CUST000090,XXXX-XXXX-XXXX-7671,Debit,RuPay,2023-01-30,2028-01-30,0,0.0,Active
CARD000760,ACC000406,CUST000090,XXXX-XXXX-XXXX-3604,Credit,Visa,2023-10-21,2028-10-21,200000,85057.57,Active
CARD000761,ACC000407,CUST000376,XXXX-XXXX-XXXX-7609,Debit,Visa,2019-01-24,2024-01-24,0,0.0,Active
CARD000762,ACC000408,CUST000017,XXXX-XXXX-XXXX-1474,Debit,Visa,2021-07-09,2026-07-09,0,0.0,Active
CARD000763,ACC000408,CUST000017,XXXX-XXXX-XXXX-1541,Credit,Mastercard,2021-11-27,2026-11-27,100000,41411.63,Active
CARD000764,ACC000409,CUST000040,XXXX-XXXX-XXXX-4262,Debit,Mastercard,2020-11-29,2025-11-29,0,0.0,Active
CARD000765,ACC000409,CUST000040,XXXX-XXXX-XXXX-3029,Credit,RuPay,2021-11-08,2026-11-08,500000,323205.77,Active
CARD000766,ACC000410,CUST000172,XXXX-XXXX-XXXX-9008,Debit,RuPay,2021-10-30,2026-10-30,0,0.0,Active
CARD000767,ACC000410,CUST000172,XXXX-XXXX-XXXX-6640,Credit,Visa,2022-05-16,2027-05-16,500000,294591.91,Active
CARD000768,ACC000411,CUST000025,XXXX-XXXX-XXXX-2480,Debit,Mastercard,2020-11-20,2025-11-20,0,0.0,Active
CARD000769,ACC000411,CUST000025,XXXX-XXXX-XXXX-4511,Credit,Visa,2021-09-30,2026-09-30,50000,44298.24,Active
CARD000770,ACC000412,CUST000052,XXXX-XXXX-XXXX-4387,Debit,Mastercard,2021-08-02,2026-08-02,0,0.0,Active
CARD000771,ACC000412,CUST000052,XXXX-XXXX-XXXX-8767,Credit,Visa,2021-08-15,2026-08-15,50000,19737.95,Active
CARD000772,ACC000413,CUST000011,XXXX-XXXX-XXXX-1138,Debit,Visa,2019-11-19,2024-11-19,0,0.0,Active
CARD000773,ACC000413,CUST000011,XXXX-XXXX-XXXX-5511,Credit,Mastercard,2020-10-24,2025-10-24,200000,100216.33,Active
CARD000774,ACC000414,CUST000281,XXXX-XXXX-XXXX-6713,Debit,Mastercard,2022-11-12,2027-11-12,0,0.0,Active
CARD000775,ACC000414,CUST000281,XXXX-XXXX-XXXX-7506,Credit,RuPay,2023-08-08,2028-08-08,500000,394249.22,Active
CARD000776,ACC000415,CUST000221,XXXX-XXXX-XXXX-7131,Debit,RuPay,2023-11-30,2028-11-30,0,0.0,Active
CARD000777,ACC000415,CUST000221,XXXX-XXXX-XXXX-8892,Credit,Visa,2024-02-07,2029-02-07,200000,158213.37,Active
CARD000778,ACC000416,CUST000210,XXXX-XXXX-XXXX-6327,Debit,Mastercard,2021-12-30,2026-12-30,0,0.0,Active
CARD000779,ACC000416,CUST000210,XXXX-XXXX-XXXX-4937,Credit,Visa,2022-10-12,2027-10-12,200000,173629.59,Active
CARD000780,ACC000417,CUST000282,XXXX-XXXX-XXXX-7620,Debit,RuPay,2023-02-11,2028-02-11,0,0.0,Active
CARD000781,ACC000417,CUST000282,XXXX-XXXX-XXXX-9148,Credit,Mastercard,2024-01-17,2029-01-17,100000,49510.18,Active
CARD000782,ACC000418,CUST000308,XXXX-XXXX-XXXX-7628,Debit,Mastercard,2021-05-10,2026-05-10,0,0.0,Active
CARD000783,ACC000419,CUST000060,XXXX-XXXX-XXXX-4111,Debit,Mastercard,2024-07-14,2029-07-14,0,0.0,Active
CARD000784,ACC000419,CUST000060,XXXX-XXXX-XXXX-8794,Credit,RuPay,2025-06-17,2030-06-17,100000,51957.73,Active
CARD000785,ACC000420,CUST000454,XXXX-XXXX-XXXX-3785,Debit,RuPay,2019-07-11,2024-07-11,0,0.0,Active
CARD000786,ACC000420,CUST000454,XXXX-XXXX-XXXX-3096,Credit,RuPay,2020-03-29,2025-03-29,100000,79435.12,Active
CARD000787,ACC000421,CUST000289,XXXX-XXXX-XXXX-3999,Debit,RuPay,2020-02-26,2025-02-26,0,0.0,Active
CARD000788,ACC000421,CUST000289,XXXX-XXXX-XXXX-6031,Credit,Mastercard,2020-06-24,2025-06-24,50000,42221.13,Active
CARD000789,ACC000422,CUST000388,XXXX-XXXX-XXXX-7089,Debit,Mastercard,2023-05-15,2028-05-15,0,0.0,Active
CARD000790,ACC000422,CUST000388,XXXX-XXXX-XXXX-1879,Credit,RuPay,2024-01-30,2029-01-30,500000,202075.14,Active
CARD000791,ACC000423,CUST000244,XXXX-XXXX-XXXX-2166,Debit,Mastercard,2022-06-08,2027-06-08,0,0.0,Active
CARD000792,ACC000423,CUST000244,XXXX-XXXX-XXXX-9680,Credit,Mastercard,2022-12-20,2027-12-20,50000,19637.58,Active
CARD000793,ACC000424,CUST000293,XXXX-XXXX-XXXX-3470,Debit,Visa,2020-09-22,2025-09-22,0,0.0,Expired
CARD000794,ACC000424,CUST000293,XXXX-XXXX-XXXX-8496,Credit,Visa,2021-07-13,2026-07-13,200000,142713.14,Active
CARD000795,ACC000425,CUST000086,XXXX-XXXX-XXXX-3954,Debit,Visa,2020-06-22,2025-06-22,0,0.0,Active
CARD000796,ACC000426,CUST000422,XXXX-XXXX-XXXX-3897,Debit,Mastercard,2021-12-12,2026-12-12,0,0.0,Active
CARD000797,ACC000426,CUST000422,XXXX-XXXX-XXXX-3762,Credit,RuPay,2022-04-08,2027-04-08,50000,34178.14,Active
CARD000798,ACC000427,CUST000199,XXXX-XXXX-XXXX-2442,Debit,Visa,2022-02-20,2027-02-20,0,0.0,Active
CARD000799,ACC000427,CUST000199,XXXX-XXXX-XXXX-7280,Credit,Visa,2022-11-06,2027-11-06,500000,358812.28,Active
CARD000800,ACC000428,CUST000320,XXXX-XXXX-XXXX-7112,Debit,Visa,2020-04-11,2025-04-11,0,0.0,Active
CARD000801,ACC000428,CUST000320,XXXX-XXXX-XXXX-5076,Credit,Visa,2020-05-07,2025-05-07,100000,98745.87,Active
CARD000802,ACC000429,CUST000494,XXXX-XXXX-XXXX-6113,Debit,Visa,2020-02-29,2025-02-28,0,0.0,Active
CARD000803,ACC000429,CUST000494,XXXX-XXXX-XXXX-5885,Credit,Mastercard,2020-04-11,2025-04-11,200000,176617.17,Active
CARD000804,ACC000430,CUST000136,XXXX-XXXX-XXXX-9587,Debit,Mastercard,2024-05-07,2029-05-07,0,0.0,Active
CARD000805,ACC000430,CUST000136,XXXX-XXXX-XXXX-6885,Credit,Visa,2025-01-26,2030-01-26,100000,76008.7,Active
CARD000806,ACC000431,CUST000349,XXXX-XXXX-XXXX-7609,Debit,Visa,2022-10-18,2027-10-18,0,0.0,Active
CARD000807,ACC000431,CUST000349,XXXX-XXXX-XXXX-9267,Credit,Visa,2022-10-30,2027-10-30,100000,85216.68,Active
CARD000808,ACC000432,CUST000191,XXXX-XXXX-XXXX-1612,Debit,Mastercard,2022-06-17,2027-06-17,0,0.0,Active
CARD000809,ACC000432,CUST000191,XXXX-XXXX-XXXX-1796,Credit,RuPay,2023-05-10,2028-05-10,200000,92025.05,Expired
CARD000810,ACC000433,CUST000051,XXXX-XXXX-XXXX-2771,Debit,RuPay,2022-06-05,2027-06-05,0,0.0,Active
CARD000811,ACC000433,CUST000051,XXXX-XXXX-XXXX-8279,Credit,Mastercard,2023-01-13,2028-01-13,50000,25858.76,Active
CARD000812,ACC000434,CUST000310,XXXX-XXXX-XXXX-8772,Debit,RuPay,2021-05-23,2026-05-23,0,0.0,Active
CARD000813,ACC000434,CUST000310,XXXX-XXXX-XXXX-9524,Credit,Mastercard,2021-08-04,2026-08-04,50000,39460.92,Active
CARD000814,ACC000435,CUST000421,XXXX-XXXX-XXXX-3247,Debit,Mastercard,2019-10-18,2024-10-18,0,0.0,Active
CARD000815,ACC000435,CUST000421,XXXX-XXXX-XXXX-2928,Credit,Mastercard,2020-09-06,2025-09-06,50000,32094.53,Active
CARD000816,ACC000436,CUST000269,XXXX-XXXX-XXXX-9154,Debit,Visa,2021-03-03,2026-03-03,0,0.0,Active
CARD000817,ACC000436,CUST000269,XXXX-XXXX-XXXX-6864,Credit,RuPay,2021-07-11,2026-07-11,200000,83590.17,Active
CARD000818,ACC000437,CUST000471,XXXX-XXXX-XXXX-1645,Debit,RuPay,2023-02-22,2028-02-22,0,0.0,Active
CARD000819,ACC000437,CUST000471,XXXX-XXXX-XXXX-6416,Credit,Visa,2023-11-20,2028-11-20,100000,51825.73,Active
CARD000820,ACC000438,CUST000016,XXXX-XXXX-XXXX-2458,Debit,Visa,2024-01-23,2029-01-23,0,0.0,Active
CARD000821,ACC000438,CUST000016,XXXX-XXXX-XXXX-9383,Credit,Visa,2024-03-18,2029-03-18,500000,447799.43,Active
CARD000822,ACC000439,CUST000177,XXXX-XXXX-XXXX-5192,Debit,RuPay,2020-01-09,2025-01-09,0,0.0,Active
CARD000823,ACC000439,CUST000177,XXXX-XXXX-XXXX-2635,Credit,Visa,2020-03-01,2025-03-01,200000,163022.5,Active
CARD000824,ACC000440,CUST000400,XXXX-XXXX-XXXX-5760,Debit,Mastercard,2021-08-07,2026-08-07,0,0.0,Active
CARD000825,ACC000440,CUST000400,XXXX-XXXX-XXXX-2556,Credit,Visa,2021-10-08,2026-10-08,200000,140360.67,Active
CARD000826,ACC000441,CUST000400,XXXX-XXXX-XXXX-3793,Debit,Mastercard,2024-04-29,2029-04-29,0,0.0,Active
CARD000827,ACC000441,CUST000400,XXXX-XXXX-XXXX-2522,Credit,Mastercard,2024-10-09,2029-10-09,500000,165718.8,Active
CARD000828,ACC000442,CUST000130,XXXX-XXXX-XXXX-2865,Debit,Mastercard,2022-02-06,2027-02-06,0,0.0,Active
CARD000829,ACC000442,CUST000130,XXXX-XXXX-XXXX-8835,Credit,Mastercard,2022-09-16,2027-09-16,500000,404858.42,Active
CARD000830,ACC000443,CUST000112,XXXX-XXXX-XXXX-3732,Debit,Visa,2023-07-10,2028-07-10,0,0.0,Active
CARD000831,ACC000443,CUST000112,XXXX-XXXX-XXXX-2699,Credit,Mastercard,2023-10-04,2028-10-04,50000,15645.08,Active
CARD000832,ACC000444,CUST000432,XXXX-XXXX-XXXX-8178,Debit,Visa,2022-03-18,2027-03-18,0,0.0,Active
CARD000833,ACC000444,CUST000432,XXXX-XXXX-XXXX-8914,Credit,Mastercard,2022-06-07,2027-06-07,200000,114409.82,Active
CARD000834,ACC000445,CUST000142,XXXX-XXXX-XXXX-8220,Debit,Visa,2021-12-18,2026-12-18,0,0.0,Active
CARD000835,ACC000445,CUST000142,XXXX-XXXX-XXXX-4669,Credit,RuPay,2022-09-29,2027-09-29,200000,198269.57,Active
CARD000836,ACC000446,CUST000030,XXXX-XXXX-XXXX-9570,Debit,RuPay,2023-07-30,2028-07-30,0,0.0,Active
CARD000837,ACC000446,CUST000030,XXXX-XXXX-XXXX-8895,Credit,Mastercard,2023-12-18,2028-12-18,50000,34850.32,Active
CARD000838,ACC000447,CUST000152,XXXX-XXXX-XXXX-7305,Debit,Visa,2023-05-30,2028-05-30,0,0.0,Active
CARD000839,ACC000448,CUST000176,XXXX-XXXX-XXXX-1894,Debit,Visa,2025-01-15,2030-01-15,0,0.0,Active
CARD000840,ACC000448,CUST000176,XXXX-XXXX-XXXX-9123,Credit,Visa,2025-09-25,2030-09-25,100000,64610.27,Active
CARD000841,ACC000449,CUST000433,XXXX-XXXX-XXXX-6253,Debit,Visa,2021-01-26,2026-01-26,0,0.0,Active
CARD000842,ACC000449,CUST000433,XXXX-XXXX-XXXX-7203,Credit,Mastercard,2021-06-04,2026-06-04,200000,192950.9,Active
CARD000843,ACC000450,CUST000414,XXXX-XXXX-XXXX-8521,Debit,Mastercard,2022-10-08,2027-10-08,0,0.0,Active
CARD000844,ACC000450,CUST000414,XXXX-XXXX-XXXX-8324,Credit,Mastercard,2023-07-18,2028-07-18,500000,469193.05,Active
CARD000845,ACC000451,CUST000216,XXXX-XXXX-XXXX-1291,Debit,Visa,2021-12-18,2026-12-18,0,0.0,Active
CARD000846,ACC000451,CUST000216,XXXX-XXXX-XXXX-2489,Credit,RuPay,2022-01-02,2027-01-02,50000,30500.41,Blocked
CARD000847,ACC000452,CUST000444,XXXX-XXXX-XXXX-5990,Debit,RuPay,2019-11-08,2024-11-08,0,0.0,Active
CARD000848,ACC000452,CUST000444,XXXX-XXXX-XXXX-1889,Credit,Visa,2020-05-22,2025-05-22,500000,167375.7,Active
CARD000849,ACC000453,CUST000196,XXXX-XXXX-XXXX-8751,Debit,RuPay,2020-09-19,2025-09-19,0,0.0,Active
CARD000850,ACC000453,CUST000196,XXXX-XXXX-XXXX-1035,Credit,Mastercard,2021-01-30,2026-01-30,500000,460091.82,Active
CARD000851,ACC000454,CUST000458,XXXX-XXXX-XXXX-5783,Debit,RuPay,2022-08-08,2027-08-08,0,0.0,Active
CARD000852,ACC000454,CUST000458,XXXX-XXXX-XXXX-9067,Credit,Visa,2022-11-10,2027-11-10,50000,48397.77,Active
CARD000853,ACC000455,CUST000091,XXXX-XXXX-XXXX-7704,Debit,Visa,2024-02-18,2029-02-18,0,0.0,Active
CARD000854,ACC000455,CUST000091,XXXX-XXXX-XXXX-4532,Credit,Mastercard,2024-09-13,2029-09-13,100000,86871.96,Active
CARD000855,ACC000456,CUST000082,XXXX-XXXX-XXXX-6536,Debit,Visa,2020-01-02,2025-01-02,0,0.0,Active
CARD000856,ACC000456,CUST000082,XXXX-XXXX-XXXX-3018,Credit,Mastercard,2020-11-22,2025-11-22,50000,17568.07,Active
CARD000857,ACC000457,CUST000495,XXXX-XXXX-XXXX-9260,Debit,Visa,2025-01-13,2030-01-13,0,0.0,Blocked
CARD000858,ACC000458,CUST000388,XXXX-XXXX-XXXX-9689,Debit,RuPay,2019-01-17,2024-01-17,0,0.0,Active
CARD000859,ACC000458,CUST000388,XXXX-XXXX-XXXX-9328,Credit,Visa,2019-10-21,2024-10-21,500000,206414.36,Active
CARD000860,ACC000459,CUST000053,XXXX-XXXX-XXXX-3103,Debit,Visa,2020-11-20,2025-11-20,0,0.0,Active
CARD000861,ACC000459,CUST000053,XXXX-XXXX-XXXX-7859,Credit,RuPay,2021-06-29,2026-06-29,200000,129424.58,Active
CARD000862,ACC000460,CUST000373,XXXX-XXXX-XXXX-5067,Debit,Mastercard,2023-12-06,2028-12-06,0,0.0,Active
CARD000863,ACC000460,CUST000373,XXXX-XXXX-XXXX-3185,Credit,Visa,2024-07-30,2029-07-30,200000,64131.17,Active
CARD000864,ACC000461,CUST000097,XXXX-XXXX-XXXX-9393,Debit,Mastercard,2023-08-02,2028-08-02,0,0.0,Active
CARD000865,ACC000461,CUST000097,XXXX-XXXX-XXXX-4560,Credit,Visa,2024-05-19,2029-05-19,200000,100337.59,Active
CARD000866,ACC000462,CUST000376,XXXX-XXXX-XXXX-5760,Debit,RuPay,2020-06-10,2025-06-10,0,0.0,Active
CARD000867,ACC000462,CUST000376,XXXX-XXXX-XXXX-3913,Credit,RuPay,2021-05-16,2026-05-16,100000,31306.52,Active
CARD000868,ACC000463,CUST000328,XXXX-XXXX-XXXX-6281,Debit,RuPay,2019-08-08,2024-08-08,0,0.0,Active
CARD000869,ACC000463,CUST000328,XXXX-XXXX-XXXX-7839,Credit,RuPay,2020-06-11,2025-06-11,200000,121280.77,Active
CARD000870,ACC000464,CUST000011,XXXX-XXXX-XXXX-9747,Debit,Mastercard,2024-01-20,2029-01-20,0,0.0,Active
CARD000871,ACC000465,CUST000106,XXXX-XXXX-XXXX-1209,Debit,RuPay,2022-05-31,2027-05-31,0,0.0,Active
CARD000872,ACC000465,CUST000106,XXXX-XXXX-XXXX-4275,Credit,Mastercard,2022-07-15,2027-07-15,500000,449135.65,Active
CARD000873,ACC000466,CUST000311,XXXX-XXXX-XXXX-5695,Debit,RuPay,2020-03-10,2025-03-10,0,0.0,Active
CARD000874,ACC000466,CUST000311,XXXX-XXXX-XXXX-4342,Credit,RuPay,2020-09-02,2025-09-02,50000,25829.18,Active
CARD000875,ACC000467,CUST000055,XXXX-XXXX-XXXX-8415,Debit,Visa,2022-01-08,2027-01-08,0,0.0,Active
CARD000876,ACC000467,CUST000055,XXXX-XXXX-XXXX-7371,Credit,Visa,2022-10-26,2027-10-26,100000,48031.11,Active
CARD000877,ACC000468,CUST000083,XXXX-XXXX-XXXX-5712,Debit,RuPay,2021-05-25,2026-05-25,0,0.0,Active
CARD000878,ACC000468,CUST000083,XXXX-XXXX-XXXX-1881,Credit,Visa,2021-11-06,2026-11-06,500000,364355.87,Active
CARD000879,ACC000469,CUST000465,XXXX-XXXX-XXXX-8259,Debit,Visa,2024-07-22,2029-07-22,0,0.0,Active
CARD000880,ACC000469,CUST000465,XXXX-XXXX-XXXX-4218,Credit,RuPay,2025-05-21,2030-05-21,200000,94284.92,Blocked
CARD000881,ACC000470,CUST000371,XXXX-XXXX-XXXX-8353,Debit,Visa,2021-08-13,2026-08-13,0,0.0,Expired
CARD000882,ACC000471,CUST000052,XXXX-XXXX-XXXX-4063,Debit,Visa,2022-04-07,2027-04-07,0,0.0,Active
CARD000883,ACC000471,CUST000052,XXXX-XXXX-XXXX-5572,Credit,RuPay,2022-12-10,2027-12-10,50000,36798.06,Active
CARD000884,ACC000472,CUST000049,XXXX-XXXX-XXXX-5178,Debit,Visa,2019-02-14,2024-02-14,0,0.0,Active
CARD000885,ACC000472,CUST000049,XXXX-XXXX-XXXX-1833,Credit,RuPay,2019-08-23,2024-08-23,100000,97204.16,Active
CARD000886,ACC000473,CUST000225,XXXX-XXXX-XXXX-5934,Debit,Mastercard,2020-02-06,2025-02-06,0,0.0,Active
CARD000887,ACC000473,CUST000225,XXXX-XXXX-XXXX-9608,Credit,Visa,2020-07-26,2025-07-26,200000,189796.69,Blocked
CARD000888,ACC000474,CUST000493,XXXX-XXXX-XXXX-2117,Debit,RuPay,2024-05-28,2029-05-28,0,0.0,Active
CARD000889,ACC000474,CUST000493,XXXX-XXXX-XXXX-4495,Credit,RuPay,2024-10-02,2029-10-02,500000,467819.06,Active
CARD000890,ACC000475,CUST000357,XXXX-XXXX-XXXX-5809,Debit,Visa,2020-10-25,2025-10-25,0,0.0,Blocked
CARD000891,ACC000475,CUST000357,XXXX-XXXX-XXXX-1144,Credit,Visa,2021-10-11,2026-10-11,500000,151179.12,Active
CARD000892,ACC000476,CUST000348,XXXX-XXXX-XXXX-4937,Debit,RuPay,2023-01-22,2028-01-22,0,0.0,Active
CARD000893,ACC000476,CUST000348,XXXX-XXXX-XXXX-7248,Credit,Visa,2023-07-21,2028-07-21,100000,32877.22,Active
CARD000894,ACC000477,CUST000499,XXXX-XXXX-XXXX-5633,Debit,Visa,2024-07-09,2029-07-09,0,0.0,Active
CARD000895,ACC000477,CUST000499,XXXX-XXXX-XXXX-8300,Credit,Mastercard,2025-04-08,2030-04-08,200000,127996.73,Active
CARD000896,ACC000478,CUST000336,XXXX-XXXX-XXXX-4154,Debit,Mastercard,2024-12-17,2029-12-17,0,0.0,Active
CARD000897,ACC000478,CUST000336,XXXX-XXXX-XXXX-9736,Credit,Visa,2025-09-20,2030-09-20,50000,44141.18,Active
CARD000898,ACC000479,CUST000448,XXXX-XXXX-XXXX-4492,Debit,RuPay,2020-02-01,2025-02-01,0,0.0,Active
CARD000899,ACC000479,CUST000448,XXXX-XXXX-XXXX-2181,Credit,RuPay,2020-10-04,2025-10-04,50000,42804.72,Active
CARD000900,ACC000480,CUST000347,XXXX-XXXX-XXXX-8523,Debit,RuPay,2019-08-12,2024-08-12,0,0.0,Active
CARD000901,ACC000480,CUST000347,XXXX-XXXX-XXXX-5127,Credit,RuPay,2019-12-11,2024-12-11,50000,47436.32,Active
CARD000902,ACC000481,CUST000437,XXXX-XXXX-XXXX-4729,Debit,Mastercard,2024-08-01,2029-08-01,0,0.0,Active
CARD000903,ACC000482,CUST000115,XXXX-XXXX-XXXX-7626,Debit,Mastercard,2021-09-03,2026-09-03,0,0.0,Active
CARD000904,ACC000482,CUST000115,XXXX-XXXX-XXXX-1096,Credit,RuPay,2022-06-19,2027-06-19,500000,264345.44,Active
CARD000905,ACC000483,CUST000439,XXXX-XXXX-XXXX-1745,Debit,RuPay,2024-08-01,2029-08-01,0,0.0,Active
CARD000906,ACC000483,CUST000439,XXXX-XXXX-XXXX-5748,Credit,RuPay,2024-10-22,2029-10-22,200000,70073.31,Active
CARD000907,ACC000484,CUST000001,XXXX-XXXX-XXXX-5612,Debit,Mastercard,2022-06-03,2027-06-03,0,0.0,Active
CARD000908,ACC000484,CUST000001,XXXX-XXXX-XXXX-4602,Credit,Visa,2023-03-31,2028-03-31,50000,33410.43,Active
CARD000909,ACC000485,CUST000175,XXXX-XXXX-XXXX-9941,Debit,Mastercard,2021-07-27,2026-07-27,0,0.0,Blocked
CARD000910,ACC000485,CUST000175,XXXX-XXXX-XXXX-7113,Credit,Visa,2022-06-28,2027-06-28,100000,79136.04,Active
CARD000911,ACC000486,CUST000367,XXXX-XXXX-XXXX-3316,Debit,Visa,2020-04-29,2025-04-29,0,0.0,Active
CARD000912,ACC000486,CUST000367,XXXX-XXXX-XXXX-5992,Credit,Visa,2020-06-24,2025-06-24,500000,311996.78,Active
CARD000913,ACC000487,CUST000425,XXXX-XXXX-XXXX-6633,Debit,Visa,2024-12-06,2029-12-06,0,0.0,Active
CARD000914,ACC000487,CUST000425,XXXX-XXXX-XXXX-5140,Credit,Visa,2025-03-31,2030-03-31,100000,88733.19,Active
CARD000915,ACC000488,CUST000072,XXXX-XXXX-XXXX-1891,Debit,RuPay,2023-08-25,2028-08-25,0,0.0,Active
CARD000916,ACC000488,CUST000072,XXXX-XXXX-XXXX-5107,Credit,Visa,2023-10-07,2028-10-07,50000,39827.16,Active
CARD000917,ACC000489,CUST000437,XXXX-XXXX-XXXX-8982,Debit,Mastercard,2021-03-09,2026-03-09,0,0.0,Active
CARD000918,ACC000489,CUST000437,XXXX-XXXX-XXXX-2143,Credit,Visa,2022-02-01,2027-02-01,100000,92996.85,Active
CARD000919,ACC000490,CUST000429,XXXX-XXXX-XXXX-6379,Debit,RuPay,2024-02-03,2029-02-03,0,0.0,Active
CARD000920,ACC000491,CUST000256,XXXX-XXXX-XXXX-3496,Debit,RuPay,2023-11-30,2028-11-30,0,0.0,Active
CARD000921,ACC000491,CUST000256,XXXX-XXXX-XXXX-1079,Credit,Mastercard,2024-03-03,2029-03-03,200000,65787.75,Active
CARD000922,ACC000492,CUST000091,XXXX-XXXX-XXXX-8145,Debit,Mastercard,2020-06-16,2025-06-16,0,0.0,Active
CARD000923,ACC000492,CUST000091,XXXX-XXXX-XXXX-8863,Credit,Mastercard,2020-12-25,2025-12-25,100000,52429.39,Active
CARD000924,ACC000493,CUST000259,XXXX-XXXX-XXXX-6004,Debit,Mastercard,2021-11-06,2026-11-06,0,0.0,Active
CARD000925,ACC000493,CUST000259,XXXX-XXXX-XXXX-5597,Credit,Visa,2021-12-23,2026-12-23,100000,54811.39,Active
CARD000926,ACC000494,CUST000413,XXXX-XXXX-XXXX-5312,Debit,RuPay,2024-10-05,2029-10-05,0,0.0,Active
CARD000927,ACC000494,CUST000413,XXXX-XXXX-XXXX-9309,Credit,RuPay,2024-11-07,2029-11-07,50000,24540.11,Active
CARD000928,ACC000495,CUST000378,XXXX-XXXX-XXXX-7637,Debit,RuPay,2021-04-20,2026-04-20,0,0.0,Active
CARD000929,ACC000495,CUST000378,XXXX-XXXX-XXXX-9842,Credit,Mastercard,2022-02-04,2027-02-04,50000,30694.21,Active
CARD000930,ACC000496,CUST000345,XXXX-XXXX-XXXX-6993,Debit,Mastercard,2021-01-02,2026-01-02,0,0.0,Active
CARD000931,ACC000496,CUST000345,XXXX-XXXX-XXXX-9362,Credit,Visa,2021-10-11,2026-10-11,200000,181256.62,Active
CARD000932,ACC000497,CUST000390,XXXX-XXXX-XXXX-1173,Debit,RuPay,2023-09-22,2028-09-22,0,0.0,Active
CARD000933,ACC000497,CUST000390,XXXX-XXXX-XXXX-8310,Credit,Visa,2023-12-16,2028-12-16,100000,46995.58,Active
CARD000934,ACC000498,CUST000268,XXXX-XXXX-XXXX-3395,Debit,RuPay,2019-09-05,2024-09-05,0,0.0,Active
CARD000935,ACC000498,CUST000268,XXXX-XXXX-XXXX-4796,Credit,Visa,2020-05-11,2025-05-11,200000,194341.22,Active
CARD000936,ACC000499,CUST000147,XXXX-XXXX-XXXX-1701,Debit,RuPay,2019-09-19,2024-09-19,0,0.0,Active
CARD000937,ACC000499,CUST000147,XXXX-XXXX-XXXX-1760,Credit,Visa,2020-05-31,2025-05-31,200000,145666.96,Expired
CARD000938,ACC000500,CUST000232,XXXX-XXXX-XXXX-2691,Debit,RuPay,2021-07-17,2026-07-17,0,0.0,Blocked
CARD000939,ACC000500,CUST000232,XXXX-XXXX-XXXX-9918,Credit,RuPay,2021-12-18,2026-12-18,200000,83117.88,Active
CARD000940,ACC000501,CUST000357,XXXX-XXXX-XXXX-7201,Debit,Mastercard,2023-05-02,2028-05-02,0,0.0,Active
CARD000941,ACC000501,CUST000357,XXXX-XXXX-XXXX-4651,Credit,RuPay,2023-11-20,2028-11-20,50000,31916.8,Active
CARD000942,ACC000502,CUST000495,XXXX-XXXX-XXXX-6653,Debit,Mastercard,2021-11-21,2026-11-21,0,0.0,Active
CARD000943,ACC000502,CUST000495,XXXX-XXXX-XXXX-8207,Credit,Visa,2022-02-04,2027-02-04,50000,32435.71,Active
CARD000944,ACC000503,CUST000425,XXXX-XXXX-XXXX-5600,Debit,Visa,2023-03-03,2028-03-03,0,0.0,Active
CARD000945,ACC000503,CUST000425,XXXX-XXXX-XXXX-4773,Credit,Mastercard,2023-05-16,2028-05-16,100000,74644.39,Active
CARD000946,ACC000504,CUST000494,XXXX-XXXX-XXXX-2856,Debit,Mastercard,2019-11-25,2024-11-25,0,0.0,Active
CARD000947,ACC000504,CUST000494,XXXX-XXXX-XXXX-7732,Credit,Visa,2020-02-22,2025-02-22,500000,426253.62,Active
CARD000948,ACC000505,CUST000021,XXXX-XXXX-XXXX-3639,Debit,Visa,2020-06-20,2025-06-20,0,0.0,Active
CARD000949,ACC000505,CUST000021,XXXX-XXXX-XXXX-1916,Credit,Visa,2020-09-29,2025-09-29,50000,18822.08,Active
CARD000950,ACC000506,CUST000364,XXXX-XXXX-XXXX-9464,Debit,Mastercard,2022-08-19,2027-08-19,0,0.0,Active
CARD000951,ACC000507,CUST000339,XXXX-XXXX-XXXX-1305,Debit,RuPay,2023-01-24,2028-01-24,0,0.0,Active
CARD000952,ACC000507,CUST000339,XXXX-XXXX-XXXX-8359,Credit,RuPay,2023-05-26,2028-05-26,200000,67384.46,Expired
CARD000953,ACC000508,CUST000095,XXXX-XXXX-XXXX-8891,Debit,Visa,2020-11-10,2025-11-10,0,0.0,Active
CARD000954,ACC000508,CUST000095,XXXX-XXXX-XXXX-3979,Credit,RuPay,2021-09-07,2026-09-07,500000,289706.45,Active
CARD000955,ACC000509,CUST000453,XXXX-XXXX-XXXX-3747,Debit,RuPay,2023-01-25,2028-01-25,0,0.0,Active
CARD000956,ACC000509,CUST000453,XXXX-XXXX-XXXX-4765,Credit,Mastercard,2023-03-23,2028-03-23,500000,291213.32,Active
CARD000957,ACC000510,CUST000288,XXXX-XXXX-XXXX-1271,Debit,Visa,2019-02-09,2024-02-09,0,0.0,Active
CARD000958,ACC000510,CUST000288,XXXX-XXXX-XXXX-2577,Credit,Visa,2020-01-12,2025-01-12,500000,210720.04,Active
CARD000959,ACC000511,CUST000315,XXXX-XXXX-XXXX-1639,Debit,RuPay,2019-07-02,2024-07-02,0,0.0,Active
CARD000960,ACC000511,CUST000315,XXXX-XXXX-XXXX-9835,Credit,Visa,2019-09-17,2024-09-17,50000,46738.35,Active
CARD000961,ACC000512,CUST000132,XXXX-XXXX-XXXX-8069,Debit,RuPay,2024-11-11,2029-11-11,0,0.0,Active
CARD000962,ACC000512,CUST000132,XXXX-XXXX-XXXX-4759,Credit,Mastercard,2025-06-24,2030-06-24,50000,25582.5,Active
CARD000963,ACC000513,CUST000152,XXXX-XXXX-XXXX-6742,Debit,RuPay,2024-10-17,2029-10-17,0,0.0,Active
CARD000964,ACC000513,CUST000152,XXXX-XXXX-XXXX-8817,Credit,Visa,2025-03-14,2030-03-14,50000,35107.87,Active
CARD000965,ACC000514,CUST000276,XXXX-XXXX-XXXX-5641,Debit,RuPay,2021-05-15,2026-05-15,0,0.0,Active
CARD000966,ACC000514,CUST000276,XXXX-XXXX-XXXX-1116,Credit,RuPay,2021-06-14,2026-06-14,500000,409768.26,Active
CARD000967,ACC000515,CUST000276,XXXX-XXXX-XXXX-1117,Debit,Mastercard,2023-12-04,2028-12-04,0,0.0,Active
CARD000968,ACC000515,CUST000276,XXXX-XXXX-XXXX-3535,Credit,Mastercard,2024-02-10,2029-02-10,200000,142761.69,Active
CARD000969,ACC000516,CUST000170,XXXX-XXXX-XXXX-5281,Debit,RuPay,2021-01-07,2026-01-07,0,0.0,Active
CARD000970,ACC000517,CUST000133,XXXX-XXXX-XXXX-5514,Debit,RuPay,2023-07-26,2028-07-26,0,0.0,Active
CARD000971,ACC000517,CUST000133,XXXX-XXXX-XXXX-8904,Credit,Visa,2024-05-25,2029-05-25,100000,71074.03,Active
CARD000972,ACC000518,CUST000004,XXXX-XXXX-XXXX-8925,Debit,Mastercard,2019-07-23,2024-07-23,0,0.0,Expired
CARD000973,ACC000518,CUST000004,XXXX-XXXX-XXXX-3262,Credit,RuPay,2020-02-24,2025-02-24,200000,91612.77,Active
CARD000974,ACC000519,CUST000352,XXXX-XXXX-XXXX-8317,Debit,RuPay,2023-12-05,2028-12-05,0,0.0,Active
CARD000975,ACC000519,CUST000352,XXXX-XXXX-XXXX-6544,Credit,RuPay,2024-07-20,2029-07-20,50000,42493.97,Active
CARD000976,ACC000520,CUST000274,XXXX-XXXX-XXXX-1852,Debit,Visa,2022-05-14,2027-05-14,0,0.0,Active
CARD000977,ACC000520,CUST000274,XXXX-XXXX-XXXX-8727,Credit,RuPay,2022-08-05,2027-08-05,50000,21847.07,Active
CARD000978,ACC000521,CUST000444,XXXX-XXXX-XXXX-5310,Debit,Visa,2019-02-17,2024-02-17,0,0.0,Active
CARD000979,ACC000521,CUST000444,XXXX-XXXX-XXXX-9536,Credit,Mastercard,2019-10-08,2024-10-08,50000,24642.69,Active
CARD000980,ACC000522,CUST000294,XXXX-XXXX-XXXX-1941,Debit,Visa,2020-01-03,2025-01-03,0,0.0,Active
CARD000981,ACC000522,CUST000294,XXXX-XXXX-XXXX-5685,Credit,Visa,2020-10-05,2025-10-05,500000,496251.36,Active
CARD000982,ACC000523,CUST000109,XXXX-XXXX-XXXX-9364,Debit,RuPay,2024-10-19,2029-10-19,0,0.0,Active
CARD000983,ACC000523,CUST000109,XXXX-XXXX-XXXX-4919,Credit,RuPay,2025-05-02,2030-05-02,100000,52818.29,Active
CARD000984,ACC000524,CUST000100,XXXX-XXXX-XXXX-2422,Debit,Mastercard,2019-08-16,2024-08-16,0,0.0,Active
CARD000985,ACC000524,CUST000100,XXXX-XXXX-XXXX-4281,Credit,RuPay,2020-04-04,2025-04-04,200000,106247.31,Active
CARD000986,ACC000525,CUST000035,XXXX-XXXX-XXXX-2124,Debit,Visa,2024-07-10,2029-07-10,0,0.0,Active
CARD000987,ACC000525,CUST000035,XXXX-XXXX-XXXX-4707,Credit,RuPay,2024-12-06,2029-12-06,200000,151353.49,Blocked
CARD000988,ACC000526,CUST000146,XXXX-XXXX-XXXX-7618,Debit,RuPay,2022-08-08,2027-08-08,0,0.0,Active
CARD000989,ACC000526,CUST000146,XXXX-XXXX-XXXX-2185,Credit,RuPay,2022-10-17,2027-10-17,100000,71500.58,Active
CARD000990,ACC000527,CUST000300,XXXX-XXXX-XXXX-2917,Debit,RuPay,2022-08-18,2027-08-18,0,0.0,Blocked
CARD000991,ACC000527,CUST000300,XXXX-XXXX-XXXX-8923,Credit,Visa,2023-02-27,2028-02-27,200000,102813.14,Active
CARD000992,ACC000528,CUST000365,XXXX-XXXX-XXXX-8517,Debit,RuPay,2023-02-11,2028-02-11,0,0.0,Active
CARD000993,ACC000528,CUST000365,XXXX-XXXX-XXXX-2106,Credit,Mastercard,2023-06-23,2028-06-23,50000,33131.04,Active
CARD000994,ACC000529,CUST000229,XXXX-XXXX-XXXX-4767,Debit,Mastercard,2020-03-28,2025-03-28,0,0.0,Active
CARD000995,ACC000529,CUST000229,XXXX-XXXX-XXXX-5314,Credit,Visa,2020-04-24,2025-04-24,200000,127689.41,Active
CARD000996,ACC000530,CUST000424,XXXX-XXXX-XXXX-6603,Debit,Visa,2021-12-26,2026-12-26,0,0.0,Active
CARD000997,ACC000530,CUST000424,XXXX-XXXX-XXXX-4580,Credit,RuPay,2022-07-13,2027-07-13,100000,66641.12,Active
CARD000998,ACC000531,CUST000324,XXXX-XXXX-XXXX-4115,Debit,Mastercard,2023-08-17,2028-08-17,0,0.0,Active
CARD000999,ACC000531,CUST000324,XXXX-XXXX-XXXX-4387,Credit,Visa,2023-12-30,2028-12-30,100000,48519.97,Active
CARD001000,ACC000532,CUST000458,XXXX-XXXX-XXXX-6833,Debit,Visa,2020-09-07,2025-09-07,0,0.0,Active
CARD001001,ACC000532,CUST000458,XXXX-XXXX-XXXX-1108,Credit,RuPay,2021-06-09,2026-06-09,50000,17793.42,Blocked
CARD001002,ACC000533,CUST000439,XXXX-XXXX-XXXX-8901,Debit,Mastercard,2024-10-18,2029-10-18,0,0.0,Active
CARD001003,ACC000533,CUST000439,XXXX-XXXX-XXXX-5501,Credit,Mastercard,2025-08-11,2030-08-11,500000,185657.58,Active
CARD001004,ACC000534,CUST000435,XXXX-XXXX-XXXX-9374,Debit,Mastercard,2020-12-04,2025-12-04,0,0.0,Active
CARD001005,ACC000534,CUST000435,XXXX-XXXX-XXXX-8836,Credit,RuPay,2021-07-14,2026-07-14,100000,96209.63,Active
CARD001006,ACC000535,CUST000290,XXXX-XXXX-XXXX-7450,Debit,RuPay,2024-06-14,2029-06-14,0,0.0,Active
CARD001007,ACC000535,CUST000290,XXXX-XXXX-XXXX-8537,Credit,Mastercard,2025-03-25,2030-03-25,500000,158222.48,Active
CARD001008,ACC000536,CUST000136,XXXX-XXXX-XXXX-4452,Debit,Mastercard,2021-04-26,2026-04-26,0,0.0,Active
CARD001009,ACC000536,CUST000136,XXXX-XXXX-XXXX-4066,Credit,RuPay,2021-10-05,2026-10-05,200000,149375.67,Active
CARD001010,ACC000537,CUST000233,XXXX-XXXX-XXXX-8722,Debit,RuPay,2022-08-28,2027-08-28,0,0.0,Active
CARD001011,ACC000537,CUST000233,XXXX-XXXX-XXXX-7866,Credit,RuPay,2023-01-04,2028-01-04,100000,65086.1,Active
CARD001012,ACC000538,CUST000428,XXXX-XXXX-XXXX-7563,Debit,Mastercard,2020-12-24,2025-12-24,0,0.0,Active
CARD001013,ACC000538,CUST000428,XXXX-XXXX-XXXX-2636,Credit,RuPay,2021-05-09,2026-05-09,100000,31450.93,Active
CARD001014,ACC000539,CUST000428,XXXX-XXXX-XXXX-8081,Debit,Mastercard,2021-07-08,2026-07-08,0,0.0,Active
CARD001015,ACC000540,CUST000406,XXXX-XXXX-XXXX-3450,Debit,Mastercard,2024-09-11,2029-09-11,0,0.0,Active
CARD001016,ACC000540,CUST000406,XXXX-XXXX-XXXX-9470,Credit,RuPay,2024-11-23,2029-11-23,100000,70493.55,Active
CARD001017,ACC000541,CUST000144,XXXX-XXXX-XXXX-8972,Debit,Mastercard,2023-02-17,2028-02-17,0,0.0,Active
CARD001018,ACC000541,CUST000144,XXXX-XXXX-XXXX-1983,Credit,Visa,2023-05-16,2028-05-16,50000,36055.93,Active
CARD001019,ACC000542,CUST000416,XXXX-XXXX-XXXX-2577,Debit,Mastercard,2024-05-30,2029-05-30,0,0.0,Active
CARD001020,ACC000542,CUST000416,XXXX-XXXX-XXXX-5222,Credit,Mastercard,2025-03-27,2030-03-27,200000,149465.32,Active
CARD001021,ACC000543,CUST000012,XXXX-XXXX-XXXX-6752,Debit,RuPay,2020-10-24,2025-10-24,0,0.0,Blocked
CARD001022,ACC000543,CUST000012,XXXX-XXXX-XXXX-9821,Credit,Visa,2021-10-18,2026-10-18,100000,59620.24,Blocked
CARD001023,ACC000544,CUST000029,XXXX-XXXX-XXXX-6818,Debit,Mastercard,2024-10-26,2029-10-26,0,0.0,Active
CARD001024,ACC000544,CUST000029,XXXX-XXXX-XXXX-2284,Credit,Mastercard,2025-07-02,2030-07-02,500000,228839.47,Active
CARD001025,ACC000545,CUST000369,XXXX-XXXX-XXXX-3373,Debit,Visa,2020-01-01,2025-01-01,0,0.0,Active
CARD001026,ACC000546,CUST000088,XXXX-XXXX-XXXX-6527,Debit,Mastercard,2020-09-05,2025-09-05,0,0.0,Active
CARD001027,ACC000546,CUST000088,XXXX-XXXX-XXXX-2296,Credit,Visa,2020-10-12,2025-10-12,500000,202884.73,Active
CARD001028,ACC000547,CUST000136,XXXX-XXXX-XXXX-6191,Debit,RuPay,2024-02-11,2029-02-11,0,0.0,Active
CARD001029,ACC000547,CUST000136,XXXX-XXXX-XXXX-5444,Credit,Mastercard,2024-09-20,2029-09-20,200000,115246.1,Active
CARD001030,ACC000548,CUST000056,XXXX-XXXX-XXXX-6950,Debit,RuPay,2024-09-26,2029-09-26,0,0.0,Active
CARD001031,ACC000548,CUST000056,XXXX-XXXX-XXXX-1378,Credit,Visa,2024-12-29,2029-12-29,500000,355103.83,Active
CARD001032,ACC000549,CUST000462,XXXX-XXXX-XXXX-5122,Debit,RuPay,2025-01-06,2030-01-06,0,0.0,Active
CARD001033,ACC000549,CUST000462,XXXX-XXXX-XXXX-2687,Credit,Visa,2025-08-06,2030-08-06,50000,42630.0,Active
CARD001034,ACC000550,CUST000462,XXXX-XXXX-XXXX-8752,Debit,RuPay,2023-12-01,2028-12-01,0,0.0,Active
CARD001035,ACC000550,CUST000462,XXXX-XXXX-XXXX-2702,Credit,Mastercard,2024-01-14,2029-01-14,500000,316606.02,Active
CARD001036,ACC000551,CUST000220,XXXX-XXXX-XXXX-7387,Debit,Mastercard,2023-04-13,2028-04-13,0,0.0,Active
CARD001037,ACC000551,CUST000220,XXXX-XXXX-XXXX-3150,Credit,RuPay,2023-07-14,2028-07-14,200000,137957.54,Active
CARD001038,ACC000552,CUST000357,XXXX-XXXX-XXXX-1575,Debit,RuPay,2021-11-08,2026-11-08,0,0.0,Active
CARD001039,ACC000552,CUST000357,XXXX-XXXX-XXXX-9856,Credit,Mastercard,2022-08-04,2027-08-04,200000,79006.24,Active
CARD001040,ACC000553,CUST000307,XXXX-XXXX-XXXX-9835,Debit,Visa,2021-02-17,2026-02-17,0,0.0,Active
CARD001041,ACC000553,CUST000307,XXXX-XXXX-XXXX-8126,Credit,RuPay,2022-02-03,2027-02-03,500000,279133.37,Active
CARD001042,ACC000554,CUST000061,XXXX-XXXX-XXXX-6073,Debit,Mastercard,2021-05-08,2026-05-08,0,0.0,Active
CARD001043,ACC000554,CUST000061,XXXX-XXXX-XXXX-6044,Credit,Mastercard,2022-01-02,2027-01-02,100000,43670.46,Active
CARD001044,ACC000555,CUST000300,XXXX-XXXX-XXXX-5973,Debit,Visa,2023-10-05,2028-10-05,0,0.0,Active
CARD001045,ACC000555,CUST000300,XXXX-XXXX-XXXX-9767,Credit,Visa,2024-06-27,2029-06-27,100000,75928.06,Active
CARD001046,ACC000556,CUST000387,XXXX-XXXX-XXXX-8816,Debit,Mastercard,2024-06-14,2029-06-14,0,0.0,Active
CARD001047,ACC000556,CUST000387,XXXX-XXXX-XXXX-4788,Credit,Visa,2025-04-30,2030-04-30,500000,220712.33,Active
CARD001048,ACC000557,CUST000158,XXXX-XXXX-XXXX-7745,Debit,RuPay,2023-06-25,2028-06-25,0,0.0,Active
CARD001049,ACC000557,CUST000158,XXXX-XXXX-XXXX-7385,Credit,Mastercard,2024-06-13,2029-06-13,100000,88571.14,Active
CARD001050,ACC000558,CUST000229,XXXX-XXXX-XXXX-7917,Debit,RuPay,2020-02-17,2025-02-17,0,0.0,Active
CARD001051,ACC000558,CUST000229,XXXX-XXXX-XXXX-5404,Credit,Mastercard,2020-12-13,2025-12-13,200000,160145.24,Active
CARD001052,ACC000559,CUST000315,XXXX-XXXX-XXXX-3988,Debit,Visa,2020-10-22,2025-10-22,0,0.0,Active
CARD001053,ACC000559,CUST000315,XXXX-XXXX-XXXX-9060,Credit,Visa,2021-04-07,2026-04-07,500000,283794.71,Active
CARD001054,ACC000560,CUST000075,XXXX-XXXX-XXXX-1813,Debit,RuPay,2020-01-01,2025-01-01,0,0.0,Active
CARD001055,ACC000560,CUST000075,XXXX-XXXX-XXXX-8183,Credit,RuPay,2020-03-31,2025-03-31,50000,40125.99,Active
CARD001056,ACC000561,CUST000371,XXXX-XXXX-XXXX-3468,Debit,Visa,2024-11-06,2029-11-06,0,0.0,Active
CARD001057,ACC000561,CUST000371,XXXX-XXXX-XXXX-7084,Credit,Mastercard,2025-08-16,2030-08-16,200000,141165.98,Active
CARD001058,ACC000562,CUST000420,XXXX-XXXX-XXXX-6410,Debit,Visa,2019-02-14,2024-02-14,0,0.0,Active
CARD001059,ACC000563,CUST000100,XXXX-XXXX-XXXX-3393,Debit,Visa,2024-11-12,2029-11-12,0,0.0,Active
CARD001060,ACC000563,CUST000100,XXXX-XXXX-XXXX-3975,Credit,Visa,2025-07-10,2030-07-10,500000,475015.36,Active
CARD001061,ACC000564,CUST000336,XXXX-XXXX-XXXX-7251,Debit,Visa,2022-02-12,2027-02-12,0,0.0,Active
CARD001062,ACC000565,CUST000266,XXXX-XXXX-XXXX-5078,Debit,Mastercard,2020-01-29,2025-01-29,0,0.0,Active
CARD001063,ACC000565,CUST000266,XXXX-XXXX-XXXX-4263,Credit,Mastercard,2020-02-21,2025-02-21,500000,413493.23,Active
CARD001064,ACC000566,CUST000179,XXXX-XXXX-XXXX-9538,Debit,RuPay,2021-07-18,2026-07-18,0,0.0,Expired
CARD001065,ACC000566,CUST000179,XXXX-XXXX-XXXX-6293,Credit,Visa,2022-01-20,2027-01-20,500000,363806.96,Active
CARD001066,ACC000567,CUST000003,XXXX-XXXX-XXXX-9534,Debit,Visa,2020-03-13,2025-03-13,0,0.0,Active
CARD001067,ACC000567,CUST000003,XXXX-XXXX-XXXX-4568,Credit,Visa,2020-05-07,2025-05-07,200000,172178.69,Active
CARD001068,ACC000568,CUST000412,XXXX-XXXX-XXXX-6316,Debit,Visa,2021-11-03,2026-11-03,0,0.0,Active
CARD001069,ACC000568,CUST000412,XXXX-XXXX-XXXX-4982,Credit,Visa,2022-06-10,2027-06-10,200000,118142.44,Blocked
CARD001070,ACC000569,CUST000388,XXXX-XXXX-XXXX-8786,Debit,RuPay,2024-03-20,2029-03-20,0,0.0,Active
CARD001071,ACC000569,CUST000388,XXXX-XXXX-XXXX-3583,Credit,Mastercard,2024-08-06,2029-08-06,200000,92088.42,Active
CARD001072,ACC000570,CUST000196,XXXX-XXXX-XXXX-6544,Debit,RuPay,2021-08-18,2026-08-18,0,0.0,Active
CARD001073,ACC000570,CUST000196,XXXX-XXXX-XXXX-2759,Credit,Visa,2022-05-30,2027-05-30,200000,109759.51,Active
CARD001074,ACC000571,CUST000359,XXXX-XXXX-XXXX-6690,Debit,Mastercard,2020-01-26,2025-01-26,0,0.0,Active
CARD001075,ACC000571,CUST000359,XXXX-XXXX-XXXX-3207,Credit,Mastercard,2020-08-16,2025-08-16,50000,25876.25,Active
CARD001076,ACC000572,CUST000477,XXXX-XXXX-XXXX-8168,Debit,RuPay,2021-06-29,2026-06-29,0,0.0,Active
CARD001077,ACC000573,CUST000466,XXXX-XXXX-XXXX-9029,Debit,Visa,2021-09-10,2026-09-10,0,0.0,Active
CARD001078,ACC000573,CUST000466,XXXX-XXXX-XXXX-5510,Credit,RuPay,2022-05-15,2027-05-15,200000,154684.68,Active
CARD001079,ACC000574,CUST000128,XXXX-XXXX-XXXX-3627,Debit,Visa,2020-03-29,2025-03-29,0,0.0,Active
CARD001080,ACC000574,CUST000128,XXXX-XXXX-XXXX-9873,Credit,Mastercard,2020-08-23,2025-08-23,500000,396514.57,Active
CARD001081,ACC000575,CUST000315,XXXX-XXXX-XXXX-9289,Debit,Mastercard,2019-07-17,2024-07-17,0,0.0,Active
CARD001082,ACC000575,CUST000315,XXXX-XXXX-XXXX-4912,Credit,Mastercard,2020-01-25,2025-01-25,50000,28309.29,Active
CARD001083,ACC000576,CUST000452,XXXX-XXXX-XXXX-9830,Debit,Mastercard,2024-07-24,2029-07-24,0,0.0,Active
CARD001084,ACC000576,CUST000452,XXXX-XXXX-XXXX-5638,Credit,Mastercard,2024-10-19,2029-10-19,500000,231993.07,Active
CARD001085,ACC000577,CUST000114,XXXX-XXXX-XXXX-2809,Debit,Visa,2024-12-03,2029-12-03,0,0.0,Active
CARD001086,ACC000577,CUST000114,XXXX-XXXX-XXXX-3926,Credit,Visa,2025-02-27,2030-02-27,50000,48467.8,Active
CARD001087,ACC000578,CUST000202,XXXX-XXXX-XXXX-4139,Debit,Visa,2024-03-02,2029-03-02,0,0.0,Active
CARD001088,ACC000578,CUST000202,XXXX-XXXX-XXXX-5193,Credit,Visa,2024-12-11,2029-12-11,500000,269727.56,Active
CARD001089,ACC000579,CUST000007,XXXX-XXXX-XXXX-2161,Debit,Visa,2020-03-07,2025-03-07,0,0.0,Active
CARD001090,ACC000579,CUST000007,XXXX-XXXX-XXXX-8668,Credit,RuPay,2020-04-27,2025-04-27,100000,54097.54,Active
CARD001091,ACC000580,CUST000135,XXXX-XXXX-XXXX-7814,Debit,Mastercard,2022-11-23,2027-11-23,0,0.0,Active
CARD001092,ACC000580,CUST000135,XXXX-XXXX-XXXX-9667,Credit,Visa,2023-04-21,2028-04-21,50000,21172.5,Active
CARD001093,ACC000581,CUST000386,XXXX-XXXX-XXXX-5979,Debit,Visa,2022-03-17,2027-03-17,0,0.0,Active
CARD001094,ACC000581,CUST000386,XXXX-XXXX-XXXX-9710,Credit,Mastercard,2022-07-17,2027-07-17,50000,46457.12,Active
CARD001095,ACC000582,CUST000118,XXXX-XXXX-XXXX-5075,Debit,RuPay,2021-09-08,2026-09-08,0,0.0,Active
CARD001096,ACC000582,CUST000118,XXXX-XXXX-XXXX-7802,Credit,RuPay,2022-07-04,2027-07-04,100000,60910.36,Active
CARD001097,ACC000583,CUST000492,XXXX-XXXX-XXXX-6864,Debit,RuPay,2019-03-01,2024-03-01,0,0.0,Active
CARD001098,ACC000583,CUST000492,XXXX-XXXX-XXXX-3955,Credit,RuPay,2019-06-04,2024-06-04,500000,191011.59,Active
CARD001099,ACC000584,CUST000323,XXXX-XXXX-XXXX-3591,Debit,RuPay,2024-06-26,2029-06-26,0,0.0,Expired
CARD001100,ACC000584,CUST000323,XXXX-XXXX-XXXX-6319,Credit,Mastercard,2024-12-24,2029-12-24,500000,173268.01,Active
CARD001101,ACC000585,CUST000051,XXXX-XXXX-XXXX-8054,Debit,RuPay,2021-11-27,2026-11-27,0,0.0,Active
CARD001102,ACC000585,CUST000051,XXXX-XXXX-XXXX-7145,Credit,RuPay,2022-03-26,2027-03-26,100000,60579.87,Active
CARD001103,ACC000586,CUST000134,XXXX-XXXX-XXXX-6898,Debit,Mastercard,2021-11-29,2026-11-29,0,0.0,Active
CARD001104,ACC000586,CUST000134,XXXX-XXXX-XXXX-5660,Credit,RuPay,2022-01-07,2027-01-07,500000,499931.53,Active
CARD001105,ACC000587,CUST000494,XXXX-XXXX-XXXX-5945,Debit,Visa,2020-12-19,2025-12-19,0,0.0,Active
CARD001106,ACC000587,CUST000494,XXXX-XXXX-XXXX-1355,Credit,RuPay,2021-06-24,2026-06-24,100000,84962.4,Active
CARD001107,ACC000588,CUST000378,XXXX-XXXX-XXXX-9376,Debit,RuPay,2022-04-17,2027-04-17,0,0.0,Active
CARD001108,ACC000588,CUST000378,XXXX-XXXX-XXXX-6827,Credit,Visa,2022-12-09,2027-12-09,100000,93399.9,Active
CARD001109,ACC000589,CUST000414,XXXX-XXXX-XXXX-5093,Debit,Visa,2023-07-27,2028-07-27,0,0.0,Active
CARD001110,ACC000589,CUST000414,XXXX-XXXX-XXXX-4562,Credit,RuPay,2024-03-06,2029-03-06,200000,187133.28,Active
CARD001111,ACC000590,CUST000335,XXXX-XXXX-XXXX-8905,Debit,Visa,2023-06-18,2028-06-18,0,0.0,Active
CARD001112,ACC000590,CUST000335,XXXX-XXXX-XXXX-1612,Credit,RuPay,2023-12-08,2028-12-08,50000,29166.91,Active
CARD001113,ACC000591,CUST000383,XXXX-XXXX-XXXX-2285,Debit,Visa,2023-09-04,2028-09-04,0,0.0,Active
CARD001114,ACC000591,CUST000383,XXXX-XXXX-XXXX-7824,Credit,Visa,2024-05-01,2029-05-01,200000,151289.77,Active
CARD001115,ACC000592,CUST000339,XXXX-XXXX-XXXX-1187,Debit,RuPay,2019-12-01,2024-12-01,0,0.0,Active
CARD001116,ACC000592,CUST000339,XXXX-XXXX-XXXX-1674,Credit,Mastercard,2020-09-17,2025-09-17,500000,481055.22,Active
CARD001117,ACC000593,CUST000450,XXXX-XXXX-XXXX-6354,Debit,RuPay,2023-06-19,2028-06-19,0,0.0,Active
CARD001118,ACC000593,CUST000450,XXXX-XXXX-XXXX-8300,Credit,RuPay,2024-02-01,2029-02-01,100000,96463.61,Active
CARD001119,ACC000594,CUST000080,XXXX-XXXX-XXXX-4638,Debit,Mastercard,2023-05-18,2028-05-18,0,0.0,Active
CARD001120,ACC000594,CUST000080,XXXX-XXXX-XXXX-2352,Credit,Mastercard,2023-12-04,2028-12-04,500000,448195.66,Active
CARD001121,ACC000595,CUST000065,XXXX-XXXX-XXXX-9980,Debit,Mastercard,2019-04-29,2024-04-29,0,0.0,Active
CARD001122,ACC000595,CUST000065,XXXX-XXXX-XXXX-3209,Credit,Mastercard,2019-08-02,2024-08-02,500000,324361.91,Active
CARD001123,ACC000596,CUST000244,XXXX-XXXX-XXXX-7476,Debit,RuPay,2022-02-04,2027-02-04,0,0.0,Active
CARD001124,ACC000597,CUST000091,XXXX-XXXX-XXXX-9589,Debit,Visa,2023-12-04,2028-12-04,0,0.0,Active
CARD001125,ACC000597,CUST000091,XXXX-XXXX-XXXX-2467,Credit,Visa,2024-05-30,2029-05-30,200000,91251.93,Active
CARD001126,ACC000598,CUST000247,XXXX-XXXX-XXXX-6984,Debit,Mastercard,2023-12-28,2028-12-28,0,0.0,Active
CARD001127,ACC000598,CUST000247,XXXX-XXXX-XXXX-5994,Credit,Visa,2024-01-26,2029-01-26,200000,116857.2,Expired
CARD001128,ACC000599,CUST000001,XXXX-XXXX-XXXX-8245,Debit,RuPay,2020-07-31,2025-07-31,0,0.0,Active
CARD001129,ACC000599,CUST000001,XXXX-XXXX-XXXX-4271,Credit,RuPay,2020-12-08,2025-12-08,50000,17652.54,Active
CARD001130,ACC000600,CUST000252,XXXX-XXXX-XXXX-2405,Debit,Visa,2019-03-03,2024-03-03,0,0.0,Active
CARD001131,ACC000600,CUST000252,XXXX-XXXX-XXXX-5713,Credit,Visa,2019-05-23,2024-05-23,100000,33574.14,Active
CARD001132,ACC000601,CUST000281,XXXX-XXXX-XXXX-2823,Debit,Mastercard,2023-12-21,2028-12-21,0,0.0,Active
CARD001133,ACC000601,CUST000281,XXXX-XXXX-XXXX-4471,Credit,Visa,2024-09-26,2029-09-26,50000,38384.31,Active
CARD001134,ACC000602,CUST000425,XXXX-XXXX-XXXX-5237,Debit,RuPay,2023-10-20,2028-10-20,0,0.0,Active
CARD001135,ACC000602,CUST000425,XXXX-XXXX-XXXX-7170,Credit,RuPay,2023-11-04,2028-11-04,100000,51345.02,Active
CARD001136,ACC000603,CUST000356,XXXX-XXXX-XXXX-1712,Debit,Mastercard,2025-01-03,2030-01-03,0,0.0,Active
CARD001137,ACC000603,CUST000356,XXXX-XXXX-XXXX-5444,Credit,Visa,2025-11-29,2030-11-29,200000,171902.55,Active
CARD001138,ACC000604,CUST000149,XXXX-XXXX-XXXX-1136,Debit,Visa,2024-02-28,2029-02-28,0,0.0,Active
CARD001139,ACC000604,CUST000149,XXXX-XXXX-XXXX-2767,Credit,Visa,2024-08-30,2029-08-30,200000,107182.57,Active
CARD001140,ACC000605,CUST000078,XXXX-XXXX-XXXX-7332,Debit,Visa,2021-02-28,2026-02-28,0,0.0,Blocked
CARD001141,ACC000605,CUST000078,XXXX-XXXX-XXXX-9709,Credit,Visa,2021-11-05,2026-11-05,50000,18364.48,Active
CARD001142,ACC000606,CUST000005,XXXX-XXXX-XXXX-8503,Debit,RuPay,2024-07-30,2029-07-30,0,0.0,Active
CARD001143,ACC000606,CUST000005,XXXX-XXXX-XXXX-5995,Credit,Mastercard,2025-05-11,2030-05-11,50000,48608.67,Active
CARD001144,ACC000607,CUST000191,XXXX-XXXX-XXXX-3572,Debit,Visa,2022-10-07,2027-10-07,0,0.0,Active
CARD001145,ACC000608,CUST000398,XXXX-XXXX-XXXX-6822,Debit,RuPay,2021-01-24,2026-01-24,0,0.0,Active
CARD001146,ACC000608,CUST000398,XXXX-XXXX-XXXX-5221,Credit,Mastercard,2021-12-29,2026-12-29,200000,86335.0,Active
CARD001147,ACC000609,CUST000007,XXXX-XXXX-XXXX-1482,Debit,RuPay,2021-11-11,2026-11-11,0,0.0,Active
CARD001148,ACC000609,CUST000007,XXXX-XXXX-XXXX-3248,Credit,Visa,2022-06-04,2027-06-04,100000,89380.43,Active
CARD001149,ACC000610,CUST000018,XXXX-XXXX-XXXX-4726,Debit,Mastercard,2020-02-05,2025-02-05,0,0.0,Active
CARD001150,ACC000610,CUST000018,XXXX-XXXX-XXXX-6395,Credit,Mastercard,2020-07-27,2025-07-27,100000,70147.45,Active
CARD001151,ACC000611,CUST000493,XXXX-XXXX-XXXX-3270,Debit,RuPay,2019-06-28,2024-06-28,0,0.0,Active
CARD001152,ACC000611,CUST000493,XXXX-XXXX-XXXX-9582,Credit,Visa,2019-12-27,2024-12-27,100000,39618.86,Active
CARD001153,ACC000612,CUST000102,XXXX-XXXX-XXXX-3378,Debit,RuPay,2021-07-10,2026-07-10,0,0.0,Active
CARD001154,ACC000612,CUST000102,XXXX-XXXX-XXXX-9732,Credit,RuPay,2022-04-22,2027-04-22,100000,77775.27,Active
CARD001155,ACC000613,CUST000407,XXXX-XXXX-XXXX-3384,Debit,RuPay,2021-10-02,2026-10-02,0,0.0,Active
CARD001156,ACC000613,CUST000407,XXXX-XXXX-XXXX-7737,Credit,Mastercard,2022-05-21,2027-05-21,200000,76781.53,Active
CARD001157,ACC000614,CUST000353,XXXX-XXXX-XXXX-5485,Debit,Visa,2020-01-31,2025-01-31,0,0.0,Active
CARD001158,ACC000614,CUST000353,XXXX-XXXX-XXXX-5372,Credit,RuPay,2020-02-14,2025-02-14,50000,45395.89,Active
CARD001159,ACC000615,CUST000477,XXXX-XXXX-XXXX-4804,Debit,Visa,2019-09-10,2024-09-10,0,0.0,Active
CARD001160,ACC000615,CUST000477,XXXX-XXXX-XXXX-3196,Credit,RuPay,2020-06-03,2025-06-03,200000,188873.44,Active
CARD001161,ACC000616,CUST000055,XXXX-XXXX-XXXX-7126,Debit,Visa,2022-12-08,2027-12-08,0,0.0,Active
CARD001162,ACC000617,CUST000371,XXXX-XXXX-XXXX-8763,Debit,Visa,2024-06-25,2029-06-25,0,0.0,Active
CARD001163,ACC000617,CUST000371,XXXX-XXXX-XXXX-5421,Credit,Mastercard,2024-07-17,2029-07-17,100000,97743.93,Active
CARD001164,ACC000618,CUST000291,XXXX-XXXX-XXXX-4323,Debit,Visa,2024-04-23,2029-04-23,0,0.0,Active
CARD001165,ACC000618,CUST000291,XXXX-XXXX-XXXX-6323,Credit,Mastercard,2025-01-07,2030-01-07,500000,196504.85,Active
CARD001166,ACC000619,CUST000083,XXXX-XXXX-XXXX-7633,Debit,Visa,2022-05-09,2027-05-09,0,0.0,Active
CARD001167,ACC000620,CUST000260,XXXX-XXXX-XXXX-7232,Debit,RuPay,2019-04-13,2024-04-13,0,0.0,Active
CARD001168,ACC000620,CUST000260,XXXX-XXXX-XXXX-8485,Credit,Visa,2019-12-04,2024-12-04,50000,31777.28,Active
CARD001169,ACC000621,CUST000370,XXXX-XXXX-XXXX-9498,Debit,RuPay,2023-05-14,2028-05-14,0,0.0,Active
CARD001170,ACC000621,CUST000370,XXXX-XXXX-XXXX-1807,Credit,Visa,2024-02-25,2029-02-25,50000,30480.47,Active
CARD001171,ACC000622,CUST000314,XXXX-XXXX-XXXX-5989,Debit,Mastercard,2022-08-24,2027-08-24,0,0.0,Active
CARD001172,ACC000622,CUST000314,XXXX-XXXX-XXXX-9470,Credit,Visa,2022-10-08,2027-10-08,500000,396953.1,Active
CARD001173,ACC000623,CUST000481,XXXX-XXXX-XXXX-8400,Debit,Visa,2021-04-27,2026-04-27,0,0.0,Active
CARD001174,ACC000623,CUST000481,XXXX-XXXX-XXXX-9952,Credit,Visa,2022-03-02,2027-03-02,50000,43708.0,Active
CARD001175,ACC000624,CUST000429,XXXX-XXXX-XXXX-8387,Debit,Visa,2021-11-24,2026-11-24,0,0.0,Active
CARD001176,ACC000624,CUST000429,XXXX-XXXX-XXXX-5097,Credit,Mastercard,2022-01-29,2027-01-29,100000,38221.61,Active
CARD001177,ACC000625,CUST000477,XXXX-XXXX-XXXX-3686,Debit,RuPay,2019-12-23,2024-12-23,0,0.0,Active
CARD001178,ACC000625,CUST000477,XXXX-XXXX-XXXX-6946,Credit,Visa,2020-08-10,2025-08-10,50000,46004.23,Active
CARD001179,ACC000626,CUST000481,XXXX-XXXX-XXXX-9383,Debit,RuPay,2019-09-08,2024-09-08,0,0.0,Active
CARD001180,ACC000626,CUST000481,XXXX-XXXX-XXXX-3799,Credit,Mastercard,2019-10-18,2024-10-18,500000,307378.94,Active
CARD001181,ACC000627,CUST000156,XXXX-XXXX-XXXX-3459,Debit,Visa,2024-11-18,2029-11-18,0,0.0,Active
CARD001182,ACC000628,CUST000099,XXXX-XXXX-XXXX-1840,Debit,Mastercard,2021-01-07,2026-01-07,0,0.0,Active
CARD001183,ACC000628,CUST000099,XXXX-XXXX-XXXX-2926,Credit,Visa,2021-05-04,2026-05-04,500000,398926.81,Blocked
CARD001184,ACC000629,CUST000327,XXXX-XXXX-XXXX-5146,Debit,Visa,2023-10-16,2028-10-16,0,0.0,Active
CARD001185,ACC000629,CUST000327,XXXX-XXXX-XXXX-9084,Credit,Visa,2023-11-17,2028-11-17,500000,309774.59,Active
CARD001186,ACC000630,CUST000173,XXXX-XXXX-XXXX-8794,Debit,Mastercard,2024-01-10,2029-01-10,0,0.0,Active
CARD001187,ACC000630,CUST000173,XXXX-XXXX-XXXX-5009,Credit,RuPay,2024-01-22,2029-01-22,50000,28957.42,Active
CARD001188,ACC000631,CUST000433,XXXX-XXXX-XXXX-4401,Debit,Visa,2023-11-19,2028-11-19,0,0.0,Active
CARD001189,ACC000631,CUST000433,XXXX-XXXX-XXXX-3381,Credit,Visa,2023-12-17,2028-12-17,50000,27135.31,Active
CARD001190,ACC000632,CUST000393,XXXX-XXXX-XXXX-5889,Debit,Mastercard,2023-02-09,2028-02-09,0,0.0,Active
CARD001191,ACC000632,CUST000393,XXXX-XXXX-XXXX-3643,Credit,RuPay,2023-05-15,2028-05-15,50000,46188.93,Active
CARD001192,ACC000633,CUST000146,XXXX-XXXX-XXXX-3906,Debit,Mastercard,2022-06-11,2027-06-11,0,0.0,Active
CARD001193,ACC000633,CUST000146,XXXX-XXXX-XXXX-5903,Credit,Mastercard,2022-08-06,2027-08-06,200000,69592.83,Active
CARD001194,ACC000634,CUST000012,XXXX-XXXX-XXXX-2108,Debit,Mastercard,2022-02-16,2027-02-16,0,0.0,Active
CARD001195,ACC000634,CUST000012,XXXX-XXXX-XXXX-2999,Credit,RuPay,2022-05-13,2027-05-13,50000,39750.86,Active
CARD001196,ACC000635,CUST000049,XXXX-XXXX-XXXX-9635,Debit,Mastercard,2020-07-30,2025-07-30,0,0.0,Active
CARD001197,ACC000636,CUST000416,XXXX-XXXX-XXXX-4425,Debit,RuPay,2021-07-01,2026-07-01,0,0.0,Active
CARD001198,ACC000636,CUST000416,XXXX-XXXX-XXXX-5705,Credit,Mastercard,2022-05-14,2027-05-14,50000,33071.8,Active
CARD001199,ACC000637,CUST000423,XXXX-XXXX-XXXX-5254,Debit,RuPay,2020-02-05,2025-02-05,0,0.0,Active
CARD001200,ACC000637,CUST000423,XXXX-XXXX-XXXX-9132,Credit,RuPay,2021-01-04,2026-01-04,200000,70205.25,Active
CARD001201,ACC000638,CUST000196,XXXX-XXXX-XXXX-9069,Debit,Visa,2022-10-16,2027-10-16,0,0.0,Active
CARD001202,ACC000639,CUST000062,XXXX-XXXX-XXXX-5759,Debit,Visa,2019-02-23,2024-02-23,0,0.0,Active
CARD001203,ACC000639,CUST000062,XXXX-XXXX-XXXX-4396,Credit,RuPay,2019-05-17,2024-05-17,50000,33729.0,Expired
CARD001204,ACC000640,CUST000290,XXXX-XXXX-XXXX-1745,Debit,Mastercard,2021-07-06,2026-07-06,0,0.0,Active
CARD001205,ACC000640,CUST000290,XXXX-XXXX-XXXX-5614,Credit,Mastercard,2021-11-03,2026-11-03,100000,99209.19,Active
CARD001206,ACC000641,CUST000229,XXXX-XXXX-XXXX-5919,Debit,RuPay,2020-01-13,2025-01-13,0,0.0,Active
CARD001207,ACC000641,CUST000229,XXXX-XXXX-XXXX-6592,Credit,Mastercard,2020-07-22,2025-07-22,50000,46015.71,Active
CARD001208,ACC000642,CUST000173,XXXX-XXXX-XXXX-1477,Debit,Visa,2019-08-09,2024-08-09,0,0.0,Active
CARD001209,ACC000642,CUST000173,XXXX-XXXX-XXXX-8774,Credit,Visa,2020-04-21,2025-04-21,200000,70880.83,Active
CARD001210,ACC000643,CUST000397,XXXX-XXXX-XXXX-3545,Debit,RuPay,2024-06-07,2029-06-07,0,0.0,Active
CARD001211,ACC000643,CUST000397,XXXX-XXXX-XXXX-1917,Credit,RuPay,2025-01-19,2030-01-19,200000,135254.19,Active
CARD001212,ACC000644,CUST000288,XXXX-XXXX-XXXX-6169,Debit,RuPay,2021-10-28,2026-10-28,0,0.0,Active
CARD001213,ACC000644,CUST000288,XXXX-XXXX-XXXX-6793,Credit,Visa,2022-04-22,2027-04-22,100000,59582.17,Blocked
CARD001214,ACC000645,CUST000474,XXXX-XXXX-XXXX-1510,Debit,Mastercard,2023-08-30,2028-08-30,0,0.0,Expired
CARD001215,ACC000645,CUST000474,XXXX-XXXX-XXXX-4070,Credit,RuPay,2024-04-07,2029-04-07,100000,60031.29,Active
CARD001216,ACC000646,CUST000336,XXXX-XXXX-XXXX-6050,Debit,RuPay,2022-12-28,2027-12-28,0,0.0,Active
CARD001217,ACC000647,CUST000226,XXXX-XXXX-XXXX-1518,Debit,Mastercard,2021-04-19,2026-04-19,0,0.0,Active
CARD001218,ACC000647,CUST000226,XXXX-XXXX-XXXX-8404,Credit,Mastercard,2021-11-03,2026-11-03,500000,193032.94,Active
CARD001219,ACC000648,CUST000379,XXXX-XXXX-XXXX-3867,Debit,Visa,2020-09-05,2025-09-05,0,0.0,Active
CARD001220,ACC000648,CUST000379,XXXX-XXXX-XXXX-8270,Credit,RuPay,2020-11-12,2025-11-12,50000,22777.34,Active
CARD001221,ACC000649,CUST000231,XXXX-XXXX-XXXX-9192,Debit,Visa,2021-06-01,2026-06-01,0,0.0,Active
CARD001222,ACC000649,CUST000231,XXXX-XXXX-XXXX-6084,Credit,Mastercard,2022-03-11,2027-03-11,500000,243645.63,Active
CARD001223,ACC000650,CUST000319,XXXX-XXXX-XXXX-2609,Debit,RuPay,2019-04-13,2024-04-13,0,0.0,Active
CARD001224,ACC000650,CUST000319,XXXX-XXXX-XXXX-8526,Credit,Mastercard,2019-05-04,2024-05-04,100000,85636.9,Active
CARD001225,ACC000651,CUST000088,XXXX-XXXX-XXXX-2897,Debit,Visa,2022-02-01,2027-02-01,0,0.0,Active
CARD001226,ACC000652,CUST000339,XXXX-XXXX-XXXX-2426,Debit,Mastercard,2023-01-16,2028-01-16,0,0.0,Active
CARD001227,ACC000652,CUST000339,XXXX-XXXX-XXXX-1368,Credit,RuPay,2023-07-23,2028-07-23,50000,46391.4,Active
CARD001228,ACC000653,CUST000119,XXXX-XXXX-XXXX-4438,Debit,Mastercard,2020-03-03,2025-03-03,0,0.0,Active
CARD001229,ACC000653,CUST000119,XXXX-XXXX-XXXX-8227,Credit,RuPay,2020-08-23,2025-08-23,200000,161269.06,Active
CARD001230,ACC000654,CUST000102,XXXX-XXXX-XXXX-3580,Debit,Mastercard,2019-04-03,2024-04-03,0,0.0,Active
CARD001231,ACC000654,CUST000102,XXXX-XXXX-XXXX-6218,Credit,Mastercard,2019-10-25,2024-10-25,50000,42769.79,Active
CARD001232,ACC000655,CUST000202,XXXX-XXXX-XXXX-5641,Debit,RuPay,2023-01-03,2028-01-03,0,0.0,Active
CARD001233,ACC000655,CUST000202,XXXX-XXXX-XXXX-9856,Credit,Mastercard,2023-07-03,2028-07-03,50000,39101.79,Active
CARD001234,ACC000656,CUST000257,XXXX-XXXX-XXXX-8712,Debit,RuPay,2021-11-21,2026-11-21,0,0.0,Active
CARD001235,ACC000656,CUST000257,XXXX-XXXX-XXXX-7421,Credit,Visa,2022-07-27,2027-07-27,500000,481170.04,Active
CARD001236,ACC000657,CUST000285,XXXX-XXXX-XXXX-8304,Debit,RuPay,2022-11-28,2027-11-28,0,0.0,Active
CARD001237,ACC000657,CUST000285,XXXX-XXXX-XXXX-2286,Credit,Mastercard,2023-08-30,2028-08-30,200000,85558.12,Active
CARD001238,ACC000658,CUST000492,XXXX-XXXX-XXXX-8672,Debit,Visa,2021-07-22,2026-07-22,0,0.0,Active
CARD001239,ACC000658,CUST000492,XXXX-XXXX-XXXX-3354,Credit,RuPay,2021-12-11,2026-12-11,500000,335308.94,Active
CARD001240,ACC000659,CUST000466,XXXX-XXXX-XXXX-7423,Debit,Visa,2020-07-04,2025-07-04,0,0.0,Active
CARD001241,ACC000659,CUST000466,XXXX-XXXX-XXXX-8426,Credit,Mastercard,2021-01-05,2026-01-05,200000,89570.98,Active
CARD001242,ACC000660,CUST000104,XXXX-XXXX-XXXX-2849,Debit,Mastercard,2024-11-30,2029-11-30,0,0.0,Active
CARD001243,ACC000660,CUST000104,XXXX-XXXX-XXXX-3087,Credit,RuPay,2025-06-11,2030-06-11,100000,80241.98,Active
CARD001244,ACC000661,CUST000336,XXXX-XXXX-XXXX-2752,Debit,Mastercard,2022-08-19,2027-08-19,0,0.0,Active
CARD001245,ACC000662,CUST000163,XXXX-XXXX-XXXX-5949,Debit,RuPay,2019-05-03,2024-05-03,0,0.0,Active
CARD001246,ACC000662,CUST000163,XXXX-XXXX-XXXX-9977,Credit,Visa,2019-10-02,2024-10-02,500000,416498.65,Blocked
CARD001247,ACC000663,CUST000227,XXXX-XXXX-XXXX-2082,Debit,Mastercard,2022-02-07,2027-02-07,0,0.0,Active
CARD001248,ACC000663,CUST000227,XXXX-XXXX-XXXX-6606,Credit,RuPay,2022-10-05,2027-10-05,500000,225490.11,Active
CARD001249,ACC000664,CUST000391,XXXX-XXXX-XXXX-2276,Debit,RuPay,2021-08-08,2026-08-08,0,0.0,Active
CARD001250,ACC000664,CUST000391,XXXX-XXXX-XXXX-8584,Credit,Mastercard,2022-07-04,2027-07-04,500000,459987.0,Active
CARD001251,ACC000665,CUST000353,XXXX-XXXX-XXXX-8294,Debit,Visa,2024-04-30,2029-04-30,0,0.0,Active
CARD001252,ACC000665,CUST000353,XXXX-XXXX-XXXX-7208,Credit,Mastercard,2024-06-28,2029-06-28,500000,475637.33,Active
CARD001253,ACC000666,CUST000084,XXXX-XXXX-XXXX-2007,Debit,Visa,2019-03-24,2024-03-24,0,0.0,Active
CARD001254,ACC000667,CUST000104,XXXX-XXXX-XXXX-1003,Debit,Visa,2023-12-09,2028-12-09,0,0.0,Active
CARD001255,ACC000667,CUST000104,XXXX-XXXX-XXXX-8326,Credit,Visa,2024-07-21,2029-07-21,500000,314060.46,Active
CARD001256,ACC000668,CUST000127,XXXX-XXXX-XXXX-6187,Debit,Mastercard,2023-05-06,2028-05-06,0,0.0,Active
CARD001257,ACC000669,CUST000275,XXXX-XXXX-XXXX-5989,Debit,Mastercard,2019-07-06,2024-07-06,0,0.0,Active
CARD001258,ACC000669,CUST000275,XXXX-XXXX-XXXX-1133,Credit,RuPay,2020-04-30,2025-04-30,200000,61359.5,Expired
CARD001259,ACC000670,CUST000450,XXXX-XXXX-XXXX-3089,Debit,Mastercard,2023-06-21,2028-06-21,0,0.0,Active
CARD001260,ACC000670,CUST000450,XXXX-XXXX-XXXX-6885,Credit,Visa,2024-04-20,2029-04-20,50000,49970.48,Active
CARD001261,ACC000671,CUST000026,XXXX-XXXX-XXXX-1510,Debit,Visa,2022-06-28,2027-06-28,0,0.0,Active
CARD001262,ACC000671,CUST000026,XXXX-XXXX-XXXX-7652,Credit,Mastercard,2023-01-12,2028-01-12,500000,281174.99,Active
CARD001263,ACC000672,CUST000028,XXXX-XXXX-XXXX-3841,Debit,Mastercard,2024-03-19,2029-03-19,0,0.0,Active
CARD001264,ACC000672,CUST000028,XXXX-XXXX-XXXX-7835,Credit,Visa,2024-10-13,2029-10-13,500000,204835.32,Active
CARD001265,ACC000673,CUST000300,XXXX-XXXX-XXXX-3056,Debit,Visa,2020-08-04,2025-08-04,0,0.0,Active
CARD001266,ACC000673,CUST000300,XXXX-XXXX-XXXX-8155,Credit,Visa,2021-04-13,2026-04-13,50000,44960.14,Active
CARD001267,ACC000674,CUST000303,XXXX-XXXX-XXXX-7813,Debit,Mastercard,2024-02-26,2029-02-26,0,0.0,Active
CARD001268,ACC000674,CUST000303,XXXX-XXXX-XXXX-9346,Credit,Mastercard,2024-10-25,2029-10-25,500000,281863.03,Active
CARD001269,ACC000675,CUST000408,XXXX-XXXX-XXXX-7303,Debit,Mastercard,2020-01-23,2025-01-23,0,0.0,Active
CARD001270,ACC000675,CUST000408,XXXX-XXXX-XXXX-9161,Credit,RuPay,2020-11-29,2025-11-29,500000,288399.36,Active
CARD001271,ACC000676,CUST000363,XXXX-XXXX-XXXX-5411,Debit,Mastercard,2024-10-12,2029-10-12,0,0.0,Active
CARD001272,ACC000676,CUST000363,XXXX-XXXX-XXXX-8917,Credit,RuPay,2024-11-14,2029-11-14,200000,195315.34,Active
CARD001273,ACC000677,CUST000394,XXXX-XXXX-XXXX-8889,Debit,RuPay,2020-09-24,2025-09-24,0,0.0,Active
CARD001274,ACC000677,CUST000394,XXXX-XXXX-XXXX-9574,Credit,RuPay,2020-11-15,2025-11-15,200000,134908.91,Active
CARD001275,ACC000678,CUST000215,XXXX-XXXX-XXXX-2279,Debit,RuPay,2024-01-17,2029-01-17,0,0.0,Active
CARD001276,ACC000678,CUST000215,XXXX-XXXX-XXXX-9765,Credit,Visa,2024-07-25,2029-07-25,200000,114174.52,Active
CARD001277,ACC000679,CUST000104,XXXX-XXXX-XXXX-8687,Debit,RuPay,2019-03-08,2024-03-08,0,0.0,Active
CARD001278,ACC000679,CUST000104,XXXX-XXXX-XXXX-5738,Credit,Visa,2019-08-19,2024-08-19,500000,376479.91,Active
CARD001279,ACC000680,CUST000312,XXXX-XXXX-XXXX-5981,Debit,RuPay,2024-05-31,2029-05-31,0,0.0,Active
CARD001280,ACC000680,CUST000312,XXXX-XXXX-XXXX-3770,Credit,RuPay,2025-01-29,2030-01-29,200000,191401.51,Active
CARD001281,ACC000681,CUST000126,XXXX-XXXX-XXXX-1447,Debit,Mastercard,2021-05-09,2026-05-09,0,0.0,Active
CARD001282,ACC000681,CUST000126,XXXX-XXXX-XXXX-5129,Credit,Visa,2021-10-19,2026-10-19,100000,64608.27,Active
CARD001283,ACC000682,CUST000075,XXXX-XXXX-XXXX-5209,Debit,Visa,2022-05-15,2027-05-15,0,0.0,Active
CARD001284,ACC000682,CUST000075,XXXX-XXXX-XXXX-8317,Credit,Mastercard,2022-08-22,2027-08-22,100000,36290.8,Active
CARD001285,ACC000683,CUST000092,XXXX-XXXX-XXXX-4869,Debit,Mastercard,2021-01-04,2026-01-04,0,0.0,Active
CARD001286,ACC000683,CUST000092,XXXX-XXXX-XXXX-3376,Credit,RuPay,2021-03-10,2026-03-10,50000,38000.32,Active
CARD001287,ACC000684,CUST000394,XXXX-XXXX-XXXX-9125,Debit,Mastercard,2023-04-06,2028-04-06,0,0.0,Active
CARD001288,ACC000684,CUST000394,XXXX-XXXX-XXXX-3740,Credit,Visa,2024-03-23,2029-03-23,100000,53753.29,Active
CARD001289,ACC000685,CUST000242,XXXX-XXXX-XXXX-6653,Debit,Visa,2022-02-24,2027-02-24,0,0.0,Active
CARD001290,ACC000685,CUST000242,XXXX-XXXX-XXXX-7533,Credit,Mastercard,2022-10-23,2027-10-23,50000,48161.69,Active
CARD001291,ACC000686,CUST000314,XXXX-XXXX-XXXX-9724,Debit,Visa,2024-12-29,2029-12-29,0,0.0,Active
CARD001292,ACC000686,CUST000314,XXXX-XXXX-XXXX-9690,Credit,Mastercard,2025-03-20,2030-03-20,500000,333893.65,Active
CARD001293,ACC000687,CUST000362,XXXX-XXXX-XXXX-8353,Debit,Mastercard,2022-08-18,2027-08-18,0,0.0,Active
CARD001294,ACC000688,CUST000067,XXXX-XXXX-XXXX-9687,Debit,RuPay,2024-08-30,2029-08-30,0,0.0,Blocked
CARD001295,ACC000688,CUST000067,XXXX-XXXX-XXXX-6797,Credit,Mastercard,2025-07-22,2030-07-22,50000,17880.08,Active
CARD001296,ACC000689,CUST000149,XXXX-XXXX-XXXX-5466,Debit,Mastercard,2019-04-29,2024-04-29,0,0.0,Active
CARD001297,ACC000689,CUST000149,XXXX-XXXX-XXXX-7408,Credit,Mastercard,2020-03-03,2025-03-03,50000,41062.96,Active
CARD001298,ACC000690,CUST000410,XXXX-XXXX-XXXX-4961,Debit,RuPay,2019-07-29,2024-07-29,0,0.0,Active
CARD001299,ACC000690,CUST000410,XXXX-XXXX-XXXX-6132,Credit,RuPay,2019-11-05,2024-11-05,100000,63603.34,Active
CARD001300,ACC000691,CUST000328,XXXX-XXXX-XXXX-2113,Debit,Visa,2019-10-05,2024-10-05,0,0.0,Active
CARD001301,ACC000691,CUST000328,XXXX-XXXX-XXXX-4594,Credit,RuPay,2020-05-01,2025-05-01,50000,26007.52,Active
CARD001302,ACC000692,CUST000059,XXXX-XXXX-XXXX-1557,Debit,Visa,2019-05-06,2024-05-06,0,0.0,Active
CARD001303,ACC000692,CUST000059,XXXX-XXXX-XXXX-2995,Credit,RuPay,2019-09-18,2024-09-18,50000,17152.31,Blocked
CARD001304,ACC000693,CUST000246,XXXX-XXXX-XXXX-3128,Debit,Mastercard,2020-07-12,2025-07-12,0,0.0,Active
CARD001305,ACC000693,CUST000246,XXXX-XXXX-XXXX-5150,Credit,Mastercard,2020-11-11,2025-11-11,100000,37279.89,Active
CARD001306,ACC000694,CUST000459,XXXX-XXXX-XXXX-2240,Debit,RuPay,2023-09-21,2028-09-21,0,0.0,Active
CARD001307,ACC000694,CUST000459,XXXX-XXXX-XXXX-5216,Credit,Visa,2024-03-05,2029-03-05,200000,92289.72,Active
CARD001308,ACC000695,CUST000162,XXXX-XXXX-XXXX-2022,Debit,Mastercard,2022-09-28,2027-09-28,0,0.0,Active
CARD001309,ACC000695,CUST000162,XXXX-XXXX-XXXX-3915,Credit,Mastercard,2023-03-04,2028-03-04,50000,40961.65,Active
CARD001310,ACC000696,CUST000174,XXXX-XXXX-XXXX-4287,Debit,RuPay,2020-12-09,2025-12-09,0,0.0,Active
CARD001311,ACC000696,CUST000174,XXXX-XXXX-XXXX-8065,Credit,Visa,2021-09-12,2026-09-12,500000,462049.34,Active
CARD001312,ACC000697,CUST000401,XXXX-XXXX-XXXX-8234,Debit,RuPay,2022-07-15,2027-07-15,0,0.0,Active
CARD001313,ACC000697,CUST000401,XXXX-XXXX-XXXX-5105,Credit,Mastercard,2023-05-30,2028-05-30,50000,47447.82,Active
CARD001314,ACC000698,CUST000191,XXXX-XXXX-XXXX-3438,Debit,RuPay,2021-06-19,2026-06-19,0,0.0,Active
CARD001315,ACC000698,CUST000191,XXXX-XXXX-XXXX-3483,Credit,RuPay,2021-11-17,2026-11-17,50000,26738.8,Active
CARD001316,ACC000699,CUST000399,XXXX-XXXX-XXXX-1060,Debit,RuPay,2024-09-15,2029-09-15,0,0.0,Active
CARD001317,ACC000700,CUST000175,XXXX-XXXX-XXXX-9039,Debit,Mastercard,2024-12-08,2029-12-08,0,0.0,Active
CARD001318,ACC000700,CUST000175,XXXX-XXXX-XXXX-7298,Credit,RuPay,2024-12-15,2029-12-15,50000,31095.49,Active
CARD001319,ACC000701,CUST000421,XXXX-XXXX-XXXX-2985,Debit,RuPay,2020-07-12,2025-07-12,0,0.0,Active
CARD001320,ACC000701,CUST000421,XXXX-XXXX-XXXX-7563,Credit,Visa,2020-12-29,2025-12-29,200000,153318.44,Active
CARD001321,ACC000702,CUST000268,XXXX-XXXX-XXXX-2485,Debit,Mastercard,2019-07-30,2024-07-30,0,0.0,Active
CARD001322,ACC000702,CUST000268,XXXX-XXXX-XXXX-5750,Credit,RuPay,2020-03-21,2025-03-21,200000,188736.05,Active
CARD001323,ACC000703,CUST000053,XXXX-XXXX-XXXX-1644,Debit,Mastercard,2022-07-20,2027-07-20,0,0.0,Active
CARD001324,ACC000703,CUST000053,XXXX-XXXX-XXXX-6886,Credit,Mastercard,2022-09-25,2027-09-25,200000,102576.48,Active
CARD001325,ACC000704,CUST000165,XXXX-XXXX-XXXX-8175,Debit,RuPay,2025-01-09,2030-01-09,0,0.0,Active
CARD001326,ACC000704,CUST000165,XXXX-XXXX-XXXX-4907,Credit,Mastercard,2025-11-18,2030-11-18,50000,43241.75,Active
CARD001327,ACC000705,CUST000081,XXXX-XXXX-XXXX-9856,Debit,RuPay,2024-10-31,2029-10-31,0,0.0,Active
CARD001328,ACC000706,CUST000073,XXXX-XXXX-XXXX-8361,Debit,Visa,2021-10-16,2026-10-16,0,0.0,Active
CARD001329,ACC000706,CUST000073,XXXX-XXXX-XXXX-7643,Credit,Visa,2021-11-19,2026-11-19,50000,38179.85,Active
CARD001330,ACC000707,CUST000228,XXXX-XXXX-XXXX-9570,Debit,Mastercard,2019-08-15,2024-08-15,0,0.0,Active
CARD001331,ACC000708,CUST000361,XXXX-XXXX-XXXX-9791,Debit,Visa,2024-01-28,2029-01-28,0,0.0,Active
CARD001332,ACC000708,CUST000361,XXXX-XXXX-XXXX-3319,Credit,Mastercard,2024-02-18,2029-02-18,100000,35262.89,Active
CARD001333,ACC000709,CUST000389,XXXX-XXXX-XXXX-1750,Debit,Visa,2024-04-06,2029-04-06,0,0.0,Active
CARD001334,ACC000709,CUST000389,XXXX-XXXX-XXXX-1818,Credit,Mastercard,2025-03-10,2030-03-10,100000,98994.44,Active
CARD001335,ACC000710,CUST000240,XXXX-XXXX-XXXX-8474,Debit,RuPay,2024-03-24,2029-03-24,0,0.0,Active
CARD001336,ACC000710,CUST000240,XXXX-XXXX-XXXX-2870,Credit,Mastercard,2024-06-13,2029-06-13,50000,21376.99,Active
CARD001337,ACC000711,CUST000316,XXXX-XXXX-XXXX-4613,Debit,Visa,2021-02-09,2026-02-09,0,0.0,Active
CARD001338,ACC000711,CUST000316,XXXX-XXXX-XXXX-6312,Credit,Visa,2021-09-13,2026-09-13,500000,381929.91,Blocked
CARD001339,ACC000712,CUST000016,XXXX-XXXX-XXXX-9943,Debit,Visa,2024-06-01,2029-06-01,0,0.0,Active
CARD001340,ACC000713,CUST000295,XXXX-XXXX-XXXX-4493,Debit,Visa,2020-04-13,2025-04-13,0,0.0,Active
CARD001341,ACC000714,CUST000237,XXXX-XXXX-XXXX-2035,Debit,Visa,2021-10-05,2026-10-05,0,0.0,Active
CARD001342,ACC000714,CUST000237,XXXX-XXXX-XXXX-3703,Credit,Mastercard,2022-05-02,2027-05-02,500000,441182.2,Active
CARD001343,ACC000715,CUST000107,XXXX-XXXX-XXXX-1666,Debit,Visa,2023-12-07,2028-12-07,0,0.0,Active
CARD001344,ACC000715,CUST000107,XXXX-XXXX-XXXX-8978,Credit,Visa,2023-12-27,2028-12-27,500000,227818.43,Active
CARD001345,ACC000716,CUST000340,XXXX-XXXX-XXXX-2460,Debit,RuPay,2024-06-21,2029-06-21,0,0.0,Active
CARD001346,ACC000716,CUST000340,XXXX-XXXX-XXXX-3079,Credit,Visa,2025-03-16,2030-03-16,200000,141728.89,Active
CARD001347,ACC000717,CUST000421,XXXX-XXXX-XXXX-9570,Debit,Mastercard,2023-07-29,2028-07-29,0,0.0,Active
CARD001348,ACC000717,CUST000421,XXXX-XXXX-XXXX-3949,Credit,RuPay,2023-09-08,2028-09-08,100000,57262.34,Active
CARD001349,ACC000718,CUST000420,XXXX-XXXX-XXXX-2442,Debit,RuPay,2019-10-09,2024-10-09,0,0.0,Active
CARD001350,ACC000718,CUST000420,XXXX-XXXX-XXXX-4860,Credit,Visa,2019-10-11,2024-10-11,200000,151300.5,Active
CARD001351,ACC000719,CUST000387,XXXX-XXXX-XXXX-2567,Debit,RuPay,2020-09-08,2025-09-08,0,0.0,Active
CARD001352,ACC000719,CUST000387,XXXX-XXXX-XXXX-4409,Credit,Mastercard,2021-08-08,2026-08-08,100000,67504.88,Active
CARD001353,ACC000720,CUST000229,XXXX-XXXX-XXXX-3444,Debit,RuPay,2022-07-23,2027-07-23,0,0.0,Active
CARD001354,ACC000720,CUST000229,XXXX-XXXX-XXXX-1706,Credit,Visa,2022-11-08,2027-11-08,500000,325869.81,Active
CARD001355,ACC000721,CUST000483,XXXX-XXXX-XXXX-4433,Debit,Mastercard,2022-11-20,2027-11-20,0,0.0,Active
CARD001356,ACC000721,CUST000483,XXXX-XXXX-XXXX-9804,Credit,Visa,2023-01-06,2028-01-06,500000,484838.88,Active
CARD001357,ACC000722,CUST000434,XXXX-XXXX-XXXX-8947,Debit,RuPay,2023-02-21,2028-02-21,0,0.0,Active
CARD001358,ACC000722,CUST000434,XXXX-XXXX-XXXX-6340,Credit,Mastercard,2024-01-20,2029-01-20,100000,49501.78,Active
CARD001359,ACC000723,CUST000184,XXXX-XXXX-XXXX-6336,Debit,Visa,2019-05-29,2024-05-29,0,0.0,Active
CARD001360,ACC000723,CUST000184,XXXX-XXXX-XXXX-7759,Credit,Visa,2019-10-06,2024-10-06,200000,168110.51,Active
CARD001361,ACC000724,CUST000365,XXXX-XXXX-XXXX-2204,Debit,Mastercard,2021-05-22,2026-05-22,0,0.0,Active
CARD001362,ACC000724,CUST000365,XXXX-XXXX-XXXX-4541,Credit,RuPay,2021-08-27,2026-08-27,50000,18832.89,Active
CARD001363,ACC000725,CUST000474,XXXX-XXXX-XXXX-7119,Debit,Visa,2022-04-08,2027-04-08,0,0.0,Active
CARD001364,ACC000725,CUST000474,XXXX-XXXX-XXXX-4313,Credit,Mastercard,2022-09-11,2027-09-11,100000,55758.52,Active
CARD001365,ACC000726,CUST000370,XXXX-XXXX-XXXX-1977,Debit,Mastercard,2020-08-01,2025-08-01,0,0.0,Active
CARD001366,ACC000726,CUST000370,XXXX-XXXX-XXXX-6629,Credit,Visa,2020-11-04,2025-11-04,500000,339497.38,Active
CARD001367,ACC000727,CUST000458,XXXX-XXXX-XXXX-3568,Debit,RuPay,2023-10-29,2028-10-29,0,0.0,Blocked
CARD001368,ACC000727,CUST000458,XXXX-XXXX-XXXX-4763,Credit,Visa,2024-08-18,2029-08-18,100000,59531.5,Active
CARD001369,ACC000728,CUST000231,XXXX-XXXX-XXXX-9015,Debit,Visa,2023-10-22,2028-10-22,0,0.0,Active
CARD001370,ACC000728,CUST000231,XXXX-XXXX-XXXX-5041,Credit,Visa,2024-06-11,2029-06-11,500000,402290.19,Active
CARD001371,ACC000729,CUST000365,XXXX-XXXX-XXXX-4643,Debit,RuPay,2023-03-02,2028-03-02,0,0.0,Active
CARD001372,ACC000729,CUST000365,XXXX-XXXX-XXXX-1656,Credit,Mastercard,2023-04-05,2028-04-05,50000,35377.99,Active
CARD001373,ACC000730,CUST000058,XXXX-XXXX-XXXX-1550,Debit,Mastercard,2019-12-10,2024-12-10,0,0.0,Active
CARD001374,ACC000730,CUST000058,XXXX-XXXX-XXXX-8412,Credit,Mastercard,2020-02-12,2025-02-12,500000,216599.22,Active
CARD001375,ACC000731,CUST000385,XXXX-XXXX-XXXX-1203,Debit,RuPay,2019-12-04,2024-12-04,0,0.0,Active
CARD001376,ACC000731,CUST000385,XXXX-XXXX-XXXX-4916,Credit,RuPay,2020-05-16,2025-05-16,100000,90710.16,Expired
CARD001377,ACC000732,CUST000380,XXXX-XXXX-XXXX-8860,Debit,RuPay,2022-07-03,2027-07-03,0,0.0,Active
CARD001378,ACC000732,CUST000380,XXXX-XXXX-XXXX-1399,Credit,Mastercard,2023-05-27,2028-05-27,500000,199727.26,Active
CARD001379,ACC000733,CUST000241,XXXX-XXXX-XXXX-7641,Debit,Visa,2022-09-23,2027-09-23,0,0.0,Active
CARD001380,ACC000734,CUST000086,XXXX-XXXX-XXXX-8607,Debit,RuPay,2022-06-10,2027-06-10,0,0.0,Active
CARD001381,ACC000734,CUST000086,XXXX-XXXX-XXXX-9698,Credit,Visa,2022-12-16,2027-12-16,50000,36529.23,Active
CARD001382,ACC000735,CUST000294,XXXX-XXXX-XXXX-5420,Debit,RuPay,2019-05-16,2024-05-16,0,0.0,Active
CARD001383,ACC000735,CUST000294,XXXX-XXXX-XXXX-6500,Credit,RuPay,2019-07-02,2024-07-02,100000,44861.57,Active
CARD001384,ACC000736,CUST000402,XXXX-XXXX-XXXX-6963,Debit,Visa,2022-03-12,2027-03-12,0,0.0,Active
CARD001385,ACC000736,CUST000402,XXXX-XXXX-XXXX-6989,Credit,Mastercard,2022-04-15,2027-04-15,200000,134850.6,Active
CARD001386,ACC000737,CUST000090,XXXX-XXXX-XXXX-2097,Debit,RuPay,2024-01-21,2029-01-21,0,0.0,Active
CARD001387,ACC000737,CUST000090,XXXX-XXXX-XXXX-4909,Credit,RuPay,2024-07-23,2029-07-23,100000,90311.59,Active
CARD001388,ACC000738,CUST000249,XXXX-XXXX-XXXX-4437,Debit,RuPay,2019-05-31,2024-05-31,0,0.0,Active
CARD001389,ACC000739,CUST000421,XXXX-XXXX-XXXX-6778,Debit,Mastercard,2023-08-29,2028-08-29,0,0.0,Active
CARD001390,ACC000739,CUST000421,XXXX-XXXX-XXXX-7108,Credit,Mastercard,2023-10-20,2028-10-20,500000,402999.13,Active
CARD001391,ACC000740,CUST000108,XXXX-XXXX-XXXX-9629,Debit,Visa,2019-08-27,2024-08-27,0,0.0,Active
CARD001392,ACC000740,CUST000108,XXXX-XXXX-XXXX-2075,Credit,Visa,2020-03-16,2025-03-16,200000,136723.03,Active
CARD001393,ACC000741,CUST000205,XXXX-XXXX-XXXX-2430,Debit,Visa,2025-01-04,2030-01-04,0,0.0,Active
CARD001394,ACC000741,CUST000205,XXXX-XXXX-XXXX-2791,Credit,Visa,2025-02-28,2030-02-28,100000,79813.91,Active
CARD001395,ACC000742,CUST000075,XXXX-XXXX-XXXX-3424,Debit,Mastercard,2022-04-19,2027-04-19,0,0.0,Active
CARD001396,ACC000742,CUST000075,XXXX-XXXX-XXXX-1371,Credit,Mastercard,2023-03-14,2028-03-14,100000,63551.87,Active
CARD001397,ACC000743,CUST000490,XXXX-XXXX-XXXX-9870,Debit,Visa,2023-01-10,2028-01-10,0,0.0,Active
CARD001398,ACC000743,CUST000490,XXXX-XXXX-XXXX-1351,Credit,Mastercard,2023-12-15,2028-12-15,500000,344648.98,Active
CARD001399,ACC000744,CUST000139,XXXX-XXXX-XXXX-4806,Debit,RuPay,2023-05-22,2028-05-22,0,0.0,Active
CARD001400,ACC000744,CUST000139,XXXX-XXXX-XXXX-6346,Credit,Mastercard,2024-05-21,2029-05-21,500000,297453.39,Active
CARD001401,ACC000745,CUST000302,XXXX-XXXX-XXXX-9686,Debit,RuPay,2021-01-28,2026-01-28,0,0.0,Active
CARD001402,ACC000745,CUST000302,XXXX-XXXX-XXXX-3813,Credit,Mastercard,2021-07-11,2026-07-11,200000,120584.77,Active
CARD001403,ACC000746,CUST000007,XXXX-XXXX-XXXX-5720,Debit,Visa,2024-01-12,2029-01-12,0,0.0,Active
CARD001404,ACC000746,CUST000007,XXXX-XXXX-XXXX-3634,Credit,RuPay,2024-04-25,2029-04-25,200000,136170.28,Active
CARD001405,ACC000747,CUST000013,XXXX-XXXX-XXXX-3873,Debit,RuPay,2021-06-12,2026-06-12,0,0.0,Active
CARD001406,ACC000747,CUST000013,XXXX-XXXX-XXXX-1674,Credit,Mastercard,2021-09-04,2026-09-04,100000,88712.17,Active
CARD001407,ACC000748,CUST000439,XXXX-XXXX-XXXX-5266,Debit,Mastercard,2021-02-09,2026-02-09,0,0.0,Active
CARD001408,ACC000748,CUST000439,XXXX-XXXX-XXXX-3423,Credit,Mastercard,2021-08-20,2026-08-20,50000,26705.64,Active
CARD001409,ACC000749,CUST000480,XXXX-XXXX-XXXX-9743,Debit,Mastercard,2022-02-11,2027-02-11,0,0.0,Active
CARD001410,ACC000749,CUST000480,XXXX-XXXX-XXXX-3381,Credit,Mastercard,2022-11-18,2027-11-18,50000,35840.32,Active
CARD001411,ACC000750,CUST000132,XXXX-XXXX-XXXX-1070,Debit,RuPay,2019-09-17,2024-09-17,0,0.0,Active
CARD001412,ACC000751,CUST000417,XXXX-XXXX-XXXX-6427,Debit,RuPay,2024-07-23,2029-07-23,0,0.0,Active
CARD001413,ACC000751,CUST000417,XXXX-XXXX-XXXX-3409,Credit,RuPay,2025-05-26,2030-05-26,500000,186407.89,Active
CARD001414,ACC000752,CUST000074,XXXX-XXXX-XXXX-8243,Debit,Mastercard,2020-04-09,2025-04-09,0,0.0,Active
CARD001415,ACC000752,CUST000074,XXXX-XXXX-XXXX-2914,Credit,Mastercard,2020-06-20,2025-06-20,500000,184938.94,Active
CARD001416,ACC000753,CUST000293,XXXX-XXXX-XXXX-4610,Debit,Mastercard,2019-04-06,2024-04-06,0,0.0,Active
CARD001417,ACC000753,CUST000293,XXXX-XXXX-XXXX-4197,Credit,RuPay,2020-03-10,2025-03-10,200000,192295.29,Active
CARD001418,ACC000754,CUST000341,XXXX-XXXX-XXXX-5553,Debit,Visa,2022-10-07,2027-10-07,0,0.0,Active
CARD001419,ACC000754,CUST000341,XXXX-XXXX-XXXX-9385,Credit,Mastercard,2022-11-25,2027-11-25,500000,263027.81,Active
CARD001420,ACC000755,CUST000252,XXXX-XXXX-XXXX-9381,Debit,Visa,2019-10-25,2024-10-25,0,0.0,Active
CARD001421,ACC000755,CUST000252,XXXX-XXXX-XXXX-7056,Credit,Mastercard,2020-06-19,2025-06-19,200000,144341.88,Active
CARD001422,ACC000756,CUST000400,XXXX-XXXX-XXXX-6651,Debit,Mastercard,2023-01-19,2028-01-19,0,0.0,Active
CARD001423,ACC000756,CUST000400,XXXX-XXXX-XXXX-4533,Credit,RuPay,2023-03-25,2028-03-25,500000,193994.39,Active
CARD001424,ACC000757,CUST000491,XXXX-XXXX-XXXX-7809,Debit,Mastercard,2022-11-16,2027-11-16,0,0.0,Active
CARD001425,ACC000757,CUST000491,XXXX-XXXX-XXXX-3286,Credit,RuPay,2023-06-23,2028-06-23,500000,244988.07,Active
CARD001426,ACC000758,CUST000104,XXXX-XXXX-XXXX-4404,Debit,Mastercard,2023-04-27,2028-04-27,0,0.0,Active
CARD001427,ACC000759,CUST000353,XXXX-XXXX-XXXX-9606,Debit,Mastercard,2023-12-26,2028-12-26,0,0.0,Active
CARD001428,ACC000759,CUST000353,XXXX-XXXX-XXXX-5478,Credit,Mastercard,2024-07-25,2029-07-25,500000,469043.1,Active
CARD001429,ACC000760,CUST000304,XXXX-XXXX-XXXX-3243,Debit,Visa,2022-06-28,2027-06-28,0,0.0,Active
CARD001430,ACC000760,CUST000304,XXXX-XXXX-XXXX-1691,Credit,Mastercard,2023-03-22,2028-03-22,500000,398687.89,Active
CARD001431,ACC000761,CUST000009,XXXX-XXXX-XXXX-9095,Debit,RuPay,2019-07-04,2024-07-04,0,0.0,Active
CARD001432,ACC000762,CUST000235,XXXX-XXXX-XXXX-1439,Debit,Visa,2020-09-09,2025-09-09,0,0.0,Active
CARD001433,ACC000762,CUST000235,XXXX-XXXX-XXXX-8742,Credit,Visa,2021-08-23,2026-08-23,200000,66156.28,Active
CARD001434,ACC000763,CUST000251,XXXX-XXXX-XXXX-5713,Debit,Mastercard,2019-08-04,2024-08-04,0,0.0,Active
CARD001435,ACC000763,CUST000251,XXXX-XXXX-XXXX-9078,Credit,Visa,2019-12-25,2024-12-25,100000,98009.02,Active
CARD001436,ACC000764,CUST000026,XXXX-XXXX-XXXX-8872,Debit,RuPay,2020-02-14,2025-02-14,0,0.0,Active
CARD001437,ACC000764,CUST000026,XXXX-XXXX-XXXX-2959,Credit,Mastercard,2020-11-02,2025-11-02,200000,112080.55,Active
CARD001438,ACC000765,CUST000419,XXXX-XXXX-XXXX-1287,Debit,Mastercard,2021-07-10,2026-07-10,0,0.0,Active
CARD001439,ACC000765,CUST000419,XXXX-XXXX-XXXX-3219,Credit,Mastercard,2022-03-15,2027-03-15,50000,44885.2,Active
CARD001440,ACC000766,CUST000378,XXXX-XXXX-XXXX-6917,Debit,Mastercard,2020-07-24,2025-07-24,0,0.0,Active
CARD001441,ACC000766,CUST000378,XXXX-XXXX-XXXX-9677,Credit,RuPay,2021-01-11,2026-01-11,200000,193179.91,Active
CARD001442,ACC000767,CUST000304,XXXX-XXXX-XXXX-4175,Debit,RuPay,2022-02-11,2027-02-11,0,0.0,Active
CARD001443,ACC000768,CUST000085,XXXX-XXXX-XXXX-3738,Debit,RuPay,2019-06-19,2024-06-19,0,0.0,Active
CARD001444,ACC000768,CUST000085,XXXX-XXXX-XXXX-5447,Credit,RuPay,2019-12-17,2024-12-17,200000,84244.92,Active
CARD001445,ACC000769,CUST000399,XXXX-XXXX-XXXX-2570,Debit,RuPay,2019-12-08,2024-12-08,0,0.0,Active
CARD001446,ACC000770,CUST000304,XXXX-XXXX-XXXX-3354,Debit,Visa,2024-05-29,2029-05-29,0,0.0,Active
CARD001447,ACC000770,CUST000304,XXXX-XXXX-XXXX-7750,Credit,Mastercard,2025-02-05,2030-02-05,200000,147778.01,Active
CARD001448,ACC000771,CUST000211,XXXX-XXXX-XXXX-2678,Debit,Visa,2019-06-09,2024-06-09,0,0.0,Active
CARD001449,ACC000771,CUST000211,XXXX-XXXX-XXXX-9612,Credit,RuPay,2020-04-15,2025-04-15,100000,41789.85,Active
CARD001450,ACC000772,CUST000322,XXXX-XXXX-XXXX-2867,Debit,Mastercard,2023-10-04,2028-10-04,0,0.0,Active
CARD001451,ACC000772,CUST000322,XXXX-XXXX-XXXX-1284,Credit,Mastercard,2023-12-18,2028-12-18,50000,45920.2,Active
CARD001452,ACC000773,CUST000049,XXXX-XXXX-XXXX-6940,Debit,Visa,2024-10-01,2029-10-01,0,0.0,Active
CARD001453,ACC000773,CUST000049,XXXX-XXXX-XXXX-1471,Credit,RuPay,2025-03-13,2030-03-13,200000,175891.0,Active
CARD001454,ACC000774,CUST000028,XXXX-XXXX-XXXX-3108,Debit,RuPay,2024-05-04,2029-05-04,0,0.0,Active
CARD001455,ACC000774,CUST000028,XXXX-XXXX-XXXX-3133,Credit,Visa,2024-09-11,2029-09-11,100000,78480.02,Active
CARD001456,ACC000775,CUST000331,XXXX-XXXX-XXXX-2830,Debit,Visa,2021-11-19,2026-11-19,0,0.0,Active
CARD001457,ACC000775,CUST000331,XXXX-XXXX-XXXX-4217,Credit,Visa,2021-12-16,2026-12-16,500000,234933.09,Active
CARD001458,ACC000776,CUST000054,XXXX-XXXX-XXXX-9412,Debit,RuPay,2021-01-11,2026-01-11,0,0.0,Active
CARD001459,ACC000776,CUST000054,XXXX-XXXX-XXXX-2085,Credit,Mastercard,2021-02-11,2026-02-11,50000,18201.47,Active
CARD001460,ACC000777,CUST000459,XXXX-XXXX-XXXX-2581,Debit,Visa,2022-09-21,2027-09-21,0,0.0,Active
CARD001461,ACC000777,CUST000459,XXXX-XXXX-XXXX-4027,Credit,RuPay,2023-01-07,2028-01-07,100000,58867.79,Active
CARD001462,ACC000778,CUST000399,XXXX-XXXX-XXXX-3384,Debit,RuPay,2021-08-31,2026-08-31,0,0.0,Active
CARD001463,ACC000779,CUST000242,XXXX-XXXX-XXXX-6698,Debit,Mastercard,2023-12-21,2028-12-21,0,0.0,Active
CARD001464,ACC000779,CUST000242,XXXX-XXXX-XXXX-2623,Credit,RuPay,2024-01-24,2029-01-24,100000,64656.35,Active
CARD001465,ACC000780,CUST000192,XXXX-XXXX-XXXX-4555,Debit,RuPay,2023-01-24,2028-01-24,0,0.0,Active
CARD001466,ACC000780,CUST000192,XXXX-XXXX-XXXX-1070,Credit,RuPay,2023-11-09,2028-11-09,200000,175951.72,Active
CARD001467,ACC000781,CUST000031,XXXX-XXXX-XXXX-9260,Debit,RuPay,2024-03-27,2029-03-27,0,0.0,Active
CARD001468,ACC000781,CUST000031,XXXX-XXXX-XXXX-3963,Credit,Mastercard,2024-06-13,2029-06-13,100000,69223.39,Expired
CARD001469,ACC000782,CUST000152,XXXX-XXXX-XXXX-4510,Debit,RuPay,2020-12-10,2025-12-10,0,0.0,Active
CARD001470,ACC000782,CUST000152,XXXX-XXXX-XXXX-3025,Credit,Mastercard,2021-06-05,2026-06-05,50000,23350.67,Active
CARD001471,ACC000783,CUST000439,XXXX-XXXX-XXXX-9123,Debit,Mastercard,2021-06-09,2026-06-09,0,0.0,Active
CARD001472,ACC000783,CUST000439,XXXX-XXXX-XXXX-2895,Credit,Mastercard,2022-03-14,2027-03-14,50000,47121.32,Active
CARD001473,ACC000784,CUST000220,XXXX-XXXX-XXXX-6111,Debit,RuPay,2022-09-21,2027-09-21,0,0.0,Blocked
CARD001474,ACC000784,CUST000220,XXXX-XXXX-XXXX-5761,Credit,Mastercard,2023-04-28,2028-04-28,500000,420944.3,Active
CARD001475,ACC000785,CUST000077,XXXX-XXXX-XXXX-8793,Debit,RuPay,2023-09-10,2028-09-10,0,0.0,Active
CARD001476,ACC000785,CUST000077,XXXX-XXXX-XXXX-2723,Credit,Mastercard,2024-06-15,2029-06-15,50000,15044.68,Active
CARD001477,ACC000786,CUST000018,XXXX-XXXX-XXXX-2392,Debit,Visa,2020-02-27,2025-02-27,0,0.0,Active
CARD001478,ACC000786,CUST000018,XXXX-XXXX-XXXX-3764,Credit,Visa,2020-04-28,2025-04-28,500000,256737.01,Active
CARD001479,ACC000787,CUST000355,XXXX-XXXX-XXXX-6548,Debit,Visa,2020-07-03,2025-07-03,0,0.0,Active
CARD001480,ACC000787,CUST000355,XXXX-XXXX-XXXX-9177,Credit,Mastercard,2021-03-01,2026-03-01,500000,457033.24,Active
CARD001481,ACC000788,CUST000246,XXXX-XXXX-XXXX-5472,Debit,RuPay,2024-03-20,2029-03-20,0,0.0,Active
CARD001482,ACC000788,CUST000246,XXXX-XXXX-XXXX-7626,Credit,Mastercard,2025-01-28,2030-01-28,200000,133384.32,Active
CARD001483,ACC000789,CUST000396,XXXX-XXXX-XXXX-8448,Debit,Visa,2021-01-31,2026-01-31,0,0.0,Active
CARD001484,ACC000789,CUST000396,XXXX-XXXX-XXXX-3205,Credit,Visa,2022-01-13,2027-01-13,500000,325954.18,Active
CARD001485,ACC000790,CUST000322,XXXX-XXXX-XXXX-2117,Debit,Mastercard,2022-09-26,2027-09-26,0,0.0,Active
CARD001486,ACC000790,CUST000322,XXXX-XXXX-XXXX-3502,Credit,Mastercard,2023-04-10,2028-04-10,100000,73215.69,Active
CARD001487,ACC000791,CUST000485,XXXX-XXXX-XXXX-2253,Debit,RuPay,2021-05-01,2026-05-01,0,0.0,Active
CARD001488,ACC000791,CUST000485,XXXX-XXXX-XXXX-5809,Credit,RuPay,2021-09-08,2026-09-08,500000,222544.0,Active
CARD001489,ACC000792,CUST000264,XXXX-XXXX-XXXX-5287,Debit,RuPay,2019-08-16,2024-08-16,0,0.0,Active
CARD001490,ACC000792,CUST000264,XXXX-XXXX-XXXX-8051,Credit,Visa,2019-09-15,2024-09-15,50000,16659.68,Active
CARD001491,ACC000793,CUST000188,XXXX-XXXX-XXXX-7165,Debit,Mastercard,2019-10-12,2024-10-12,0,0.0,Active
CARD001492,ACC000793,CUST000188,XXXX-XXXX-XXXX-3689,Credit,Mastercard,2020-04-04,2025-04-04,50000,43809.58,Active
CARD001493,ACC000794,CUST000123,XXXX-XXXX-XXXX-7374,Debit,Mastercard,2021-05-18,2026-05-18,0,0.0,Active
CARD001494,ACC000794,CUST000123,XXXX-XXXX-XXXX-8697,Credit,Mastercard,2022-03-11,2027-03-11,500000,268972.49,Active
CARD001495,ACC000795,CUST000217,XXXX-XXXX-XXXX-9301,Debit,Visa,2022-11-20,2027-11-20,0,0.0,Active
CARD001496,ACC000795,CUST000217,XXXX-XXXX-XXXX-6779,Credit,Mastercard,2023-06-26,2028-06-26,500000,293134.21,Active
CARD001497,ACC000796,CUST000364,XXXX-XXXX-XXXX-1739,Debit,Visa,2022-04-12,2027-04-12,0,0.0,Active
CARD001498,ACC000796,CUST000364,XXXX-XXXX-XXXX-1440,Credit,RuPay,2023-03-06,2028-03-06,200000,86662.52,Active
CARD001499,ACC000797,CUST000415,XXXX-XXXX-XXXX-8014,Debit,Mastercard,2021-02-13,2026-02-13,0,0.0,Expired
CARD001500,ACC000797,CUST000415,XXXX-XXXX-XXXX-5056,Credit,Visa,2021-07-15,2026-07-15,500000,377055.76,Active
CARD001501,ACC000798,CUST000491,XXXX-XXXX-XXXX-2391,Debit,RuPay,2022-02-22,2027-02-22,0,0.0,Active
CARD001502,ACC000798,CUST000491,XXXX-XXXX-XXXX-1322,Credit,RuPay,2022-05-31,2027-05-31,200000,183974.02,Active
CARD001503,ACC000799,CUST000267,XXXX-XXXX-XXXX-7921,Debit,RuPay,2023-09-17,2028-09-17,0,0.0,Active
CARD001504,ACC000799,CUST000267,XXXX-XXXX-XXXX-1364,Credit,Mastercard,2024-05-30,2029-05-30,500000,406683.39,Active
CARD001505,ACC000800,CUST000378,XXXX-XXXX-XXXX-6282,Debit,RuPay,2019-09-27,2024-09-27,0,0.0,Active
CARD001506,ACC000800,CUST000378,XXXX-XXXX-XXXX-6504,Credit,Mastercard,2020-01-28,2025-01-28,500000,464980.16,Active
